Date Viewed,Weekday
4/18/22,Monday
4/18/22,Monday
4/17/22,Sunday
4/17/22,Sunday
4/17/22,Sunday
4/16/22,Saturday
4/16/22,Saturday
4/16/22,Saturday
4/16/22,Saturday
4/16/22,Saturday
4/16/22,Saturday
4/15/22,Friday
4/13/22,Wednesday
4/13/22,Wednesday
4/12/22,Tuesday
4/9/22,Saturday
4/9/22,Saturday
4/9/22,Saturday
4/5/22,Tuesday
4/5/22,Tuesday
4/4/22,Monday
12/17/21,Friday
12/16/21,Thursday
12/15/21,Wednesday
10/13/21,Wednesday
10/13/21,Wednesday
10/12/21,Tuesday
9/15/21,Wednesday
9/15/21,Wednesday
9/15/21,Wednesday
8/14/21,Saturday
8/12/21,Thursday
7/7/21,Wednesday
7/7/21,Wednesday
6/20/21,Sunday
6/20/21,Sunday
6/20/21,Sunday
6/20/21,Sunday
6/20/21,Sunday
6/20/21,Sunday
6/19/21,Saturday
6/19/21,Saturday
6/19/21,Saturday
6/19/21,Saturday
6/19/21,Saturday
6/18/21,Friday
5/24/21,Monday
5/24/21,Monday
5/24/21,Monday
5/24/21,Monday
5/24/21,Monday
5/24/21,Monday
5/20/21,Thursday
5/20/21,Thursday
5/20/21,Thursday
5/18/21,Tuesday
5/18/21,Tuesday
5/18/21,Tuesday
5/18/21,Tuesday
5/18/21,Tuesday
5/18/21,Tuesday
5/18/21,Tuesday
5/17/21,Monday
5/17/21,Monday
5/17/21,Monday
5/17/21,Monday
5/15/21,Saturday
5/15/21,Saturday
5/15/21,Saturday
5/15/21,Saturday
5/15/21,Saturday
5/15/21,Saturday
5/14/21,Friday
5/3/21,Monday
4/20/21,Tuesday
4/20/21,Tuesday
4/20/21,Tuesday
4/19/21,Monday
4/19/21,Monday
4/19/21,Monday
4/19/21,Monday
4/19/21,Monday
4/19/21,Monday
4/19/21,Monday
4/19/21,Monday
4/19/21,Monday
4/18/21,Sunday
4/18/21,Sunday
4/18/21,Sunday
4/18/21,Sunday
4/18/21,Sunday
4/18/21,Sunday
4/16/21,Friday
4/15/21,Thursday
4/15/21,Thursday
4/15/21,Thursday
4/15/21,Thursday
4/15/21,Thursday
4/14/21,Wednesday
4/14/21,Wednesday
4/13/21,Tuesday
4/4/21,Sunday
4/3/21,Saturday
3/31/21,Wednesday
3/30/21,Tuesday
3/30/21,Tuesday
3/30/21,Tuesday
3/30/21,Tuesday
3/29/21,Monday
3/24/21,Wednesday
3/23/21,Tuesday
3/23/21,Tuesday
3/23/21,Tuesday
3/22/21,Monday
3/20/21,Saturday
3/20/21,Saturday
3/20/21,Saturday
3/20/21,Saturday
3/20/21,Saturday
3/19/21,Friday
3/19/21,Friday
3/19/21,Friday
3/15/21,Monday
3/15/21,Monday
3/15/21,Monday
3/15/21,Monday
3/4/21,Thursday
3/4/21,Thursday
3/3/21,Wednesday
3/3/21,Wednesday
2/22/21,Monday
2/12/21,Friday
2/12/21,Friday
2/12/21,Friday
2/12/21,Friday
2/12/21,Friday
2/12/21,Friday
2/12/21,Friday
2/12/21,Friday
2/9/21,Tuesday
2/9/21,Tuesday
2/9/21,Tuesday
2/8/21,Monday
2/8/21,Monday
2/8/21,Monday
2/8/21,Monday
2/8/21,Monday
2/7/21,Sunday
2/7/21,Sunday
2/7/21,Sunday
2/6/21,Saturday
2/6/21,Saturday
2/5/21,Friday
2/5/21,Friday
2/5/21,Friday
2/4/21,Thursday
2/4/21,Thursday
1/6/21,Wednesday
1/6/21,Wednesday
1/6/21,Wednesday
1/6/21,Wednesday
1/6/21,Wednesday
1/6/21,Wednesday
1/6/21,Wednesday
1/6/21,Wednesday
1/6/21,Wednesday
1/6/21,Wednesday
1/6/21,Wednesday
1/6/21,Wednesday
1/5/21,Tuesday
1/5/21,Tuesday
1/5/21,Tuesday
1/5/21,Tuesday
1/4/21,Monday
1/4/21,Monday
1/4/21,Monday
1/4/21,Monday
1/4/21,Monday
1/4/21,Monday
1/4/21,Monday
1/3/21,Sunday
1/3/21,Sunday
11/7/20,Saturday
10/31/20,Saturday
10/29/20,Thursday
10/29/20,Thursday
10/29/20,Thursday
10/29/20,Thursday
10/29/20,Thursday
10/29/20,Thursday
10/29/20,Thursday
10/28/20,Wednesday
10/28/20,Wednesday
10/28/20,Wednesday
10/27/20,Tuesday
10/27/20,Tuesday
10/26/20,Monday
10/25/20,Sunday
10/25/20,Sunday
10/25/20,Sunday
10/25/20,Sunday
10/25/20,Sunday
10/25/20,Sunday
10/25/20,Sunday
10/25/20,Sunday
10/24/20,Saturday
10/24/20,Saturday
10/24/20,Saturday
10/23/20,Friday
10/21/20,Wednesday
10/21/20,Wednesday
10/21/20,Wednesday
10/21/20,Wednesday
10/21/20,Wednesday
10/20/20,Tuesday
10/20/20,Tuesday
10/20/20,Tuesday
10/20/20,Tuesday
10/20/20,Tuesday
10/20/20,Tuesday
10/19/20,Monday
10/9/20,Friday
10/9/20,Friday
9/27/20,Sunday
9/25/20,Friday
9/25/20,Friday
9/24/20,Thursday
9/24/20,Thursday
9/24/20,Thursday
9/24/20,Thursday
9/24/20,Thursday
9/23/20,Wednesday
9/23/20,Wednesday
9/23/20,Wednesday
9/20/20,Sunday
9/20/20,Sunday
9/20/20,Sunday
9/19/20,Saturday
9/18/20,Friday
9/18/20,Friday
9/17/20,Thursday
9/11/20,Friday
9/10/20,Thursday
9/10/20,Thursday
9/10/20,Thursday
9/10/20,Thursday
9/9/20,Wednesday
9/8/20,Tuesday
9/8/20,Tuesday
9/7/20,Monday
9/7/20,Monday
9/7/20,Monday
9/7/20,Monday
9/7/20,Monday
9/3/20,Thursday
9/2/20,Wednesday
9/1/20,Tuesday
9/1/20,Tuesday
9/1/20,Tuesday
9/1/20,Tuesday
9/1/20,Tuesday
9/1/20,Tuesday
8/31/20,Monday
8/31/20,Monday
8/30/20,Sunday
8/30/20,Sunday
8/30/20,Sunday
8/30/20,Sunday
8/30/20,Sunday
8/30/20,Sunday
8/30/20,Sunday
8/29/20,Saturday
8/29/20,Saturday
8/29/20,Saturday
8/15/20,Saturday
8/13/20,Thursday
8/7/20,Friday
8/7/20,Friday
8/7/20,Friday
8/7/20,Friday
8/7/20,Friday
8/7/20,Friday
8/7/20,Friday
8/7/20,Friday
8/5/20,Wednesday
8/5/20,Wednesday
8/5/20,Wednesday
8/4/20,Tuesday
8/4/20,Tuesday
8/2/20,Sunday
8/2/20,Sunday
8/2/20,Sunday
8/2/20,Sunday
8/2/20,Sunday
8/2/20,Sunday
8/2/20,Sunday
8/1/20,Saturday
7/23/20,Thursday
7/23/20,Thursday
7/23/20,Thursday
7/23/20,Thursday
7/23/20,Thursday
7/23/20,Thursday
7/23/20,Thursday
7/23/20,Thursday
7/23/20,Thursday
7/23/20,Thursday
7/23/20,Thursday
7/22/20,Wednesday
7/22/20,Wednesday
7/21/20,Tuesday
7/21/20,Tuesday
7/21/20,Tuesday
7/21/20,Tuesday
7/21/20,Tuesday
7/21/20,Tuesday
7/21/20,Tuesday
7/21/20,Tuesday
7/21/20,Tuesday
7/21/20,Tuesday
7/21/20,Tuesday
6/15/20,Monday
6/15/20,Monday
6/15/20,Monday
6/15/20,Monday
6/15/20,Monday
6/15/20,Monday
6/15/20,Monday
6/15/20,Monday
6/15/20,Monday
6/14/20,Sunday
6/14/20,Sunday
6/13/20,Saturday
6/13/20,Saturday
6/13/20,Saturday
6/13/20,Saturday
6/13/20,Saturday
6/13/20,Saturday
6/13/20,Saturday
6/12/20,Friday
6/12/20,Friday
6/12/20,Friday
6/12/20,Friday
6/12/20,Friday
6/11/20,Thursday
6/11/20,Thursday
6/11/20,Thursday
6/11/20,Thursday
6/11/20,Thursday
6/11/20,Thursday
6/11/20,Thursday
6/11/20,Thursday
6/10/20,Wednesday
6/10/20,Wednesday
6/10/20,Wednesday
6/10/20,Wednesday
6/10/20,Wednesday
6/10/20,Wednesday
6/10/20,Wednesday
6/8/20,Monday
6/8/20,Monday
6/8/20,Monday
6/8/20,Monday
6/8/20,Monday
6/8/20,Monday
6/8/20,Monday
6/8/20,Monday
6/8/20,Monday
6/8/20,Monday
6/7/20,Sunday
6/7/20,Sunday
6/7/20,Sunday
6/7/20,Sunday
6/7/20,Sunday
6/7/20,Sunday
6/7/20,Sunday
6/7/20,Sunday
6/7/20,Sunday
6/7/20,Sunday
6/7/20,Sunday
6/6/20,Saturday
6/6/20,Saturday
6/6/20,Saturday
6/6/20,Saturday
6/2/20,Tuesday
5/26/20,Tuesday
5/26/20,Tuesday
5/26/20,Tuesday
5/25/20,Monday
5/25/20,Monday
5/25/20,Monday
5/25/20,Monday
5/25/20,Monday
5/25/20,Monday
5/25/20,Monday
5/25/20,Monday
5/25/20,Monday
5/24/20,Sunday
5/24/20,Sunday
5/23/20,Saturday
5/23/20,Saturday
5/23/20,Saturday
5/23/20,Saturday
5/23/20,Saturday
5/23/20,Saturday
5/23/20,Saturday
5/23/20,Saturday
5/23/20,Saturday
5/23/20,Saturday
5/23/20,Saturday
5/22/20,Friday
5/22/20,Friday
5/22/20,Friday
5/21/20,Thursday
5/21/20,Thursday
5/21/20,Thursday
5/21/20,Thursday
5/21/20,Thursday
5/21/20,Thursday
5/21/20,Thursday
5/21/20,Thursday
5/21/20,Thursday
5/21/20,Thursday
5/21/20,Thursday
5/21/20,Thursday
5/21/20,Thursday
5/21/20,Thursday
5/21/20,Thursday
5/21/20,Thursday
5/21/20,Thursday
5/21/20,Thursday
5/21/20,Thursday
5/20/20,Wednesday
5/20/20,Wednesday
5/20/20,Wednesday
4/10/20,Friday
4/10/20,Friday
4/10/20,Friday
4/10/20,Friday
4/10/20,Friday
4/10/20,Friday
4/9/20,Thursday
4/9/20,Thursday
4/9/20,Thursday
4/9/20,Thursday
4/9/20,Thursday
4/9/20,Thursday
4/9/20,Thursday
4/9/20,Thursday
4/9/20,Thursday
4/9/20,Thursday
4/9/20,Thursday
4/9/20,Thursday
4/9/20,Thursday
4/9/20,Thursday
4/9/20,Thursday
4/9/20,Thursday
4/9/20,Thursday
4/9/20,Thursday
4/9/20,Thursday
4/8/20,Wednesday
4/8/20,Wednesday
4/8/20,Wednesday
4/8/20,Wednesday
4/8/20,Wednesday
4/8/20,Wednesday
4/8/20,Wednesday
4/8/20,Wednesday
4/8/20,Wednesday
4/8/20,Wednesday
4/8/20,Wednesday
4/8/20,Wednesday
4/8/20,Wednesday
4/8/20,Wednesday
4/7/20,Tuesday
4/7/20,Tuesday
4/7/20,Tuesday
4/7/20,Tuesday
4/7/20,Tuesday
4/7/20,Tuesday
4/7/20,Tuesday
4/7/20,Tuesday
4/7/20,Tuesday
4/7/20,Tuesday
4/7/20,Tuesday
4/7/20,Tuesday
4/7/20,Tuesday
4/7/20,Tuesday
4/7/20,Tuesday
4/6/20,Monday
4/5/20,Sunday
4/5/20,Sunday
4/4/20,Saturday
4/4/20,Saturday
4/4/20,Saturday
4/2/20,Thursday
3/31/20,Tuesday
2/12/20,Wednesday
2/12/20,Wednesday
2/11/20,Tuesday
2/11/20,Tuesday
2/10/20,Monday
9/27/19,Friday
9/27/19,Friday
9/15/19,Sunday
7/31/19,Wednesday
7/31/19,Wednesday
7/21/19,Sunday
7/13/19,Saturday
7/13/19,Saturday
7/11/19,Thursday
7/7/19,Sunday
9/17/18,Monday
8/12/18,Sunday
8/11/18,Saturday
8/11/18,Saturday
8/11/18,Saturday
8/11/18,Saturday
8/11/18,Saturday
8/11/18,Saturday
8/11/18,Saturday
8/11/18,Saturday
8/10/18,Friday
8/9/18,Thursday
8/9/18,Thursday
8/6/18,Monday
11/29/17,Wednesday
11/29/17,Wednesday
11/28/17,Tuesday
11/28/17,Tuesday
11/27/17,Monday
11/25/17,Saturday
11/25/17,Saturday
11/23/17,Thursday
11/23/17,Thursday
11/22/17,Wednesday
11/22/17,Wednesday
11/22/17,Wednesday
11/22/17,Wednesday
11/21/17,Tuesday
11/21/17,Tuesday