Title,Date Viewed,Year Released,Genres,Keywords,Duration,Type,Maturity Rating
Hunter X Hunter (2011): Season 1: Some x Brother x Trouble,4/18/22,2011,Shounen Anime,Exciting,23,TV Series,TV-14
Hunter X Hunter (2011): Season 1: Baffling Turn x of x Events,4/18/22,2011,Shounen Anime,Exciting,23,TV Series,TV-14
Hunter X Hunter (2011): Season 1: Can't Win x But x Can't Lose,4/17/22,2011,Shounen Anime,Exciting,23,TV Series,TV-14
Hunter X Hunter (2011): Season 1: Big x Time x Interview,4/17/22,2011,Shounen Anime,Exciting,23,TV Series,TV-14
Hunter X Hunter (2011): Season 1: Trap x in x the Hole,4/17/22,2011,Shounen Anime,Exciting,23,TV Series,TV-14
Hunter X Hunter (2011): Season 1: Defeat x and x Disgrace,4/16/22,2011,Shounen Anime,Exciting,23,TV Series,TV-14
Hunter X Hunter (2011): Season 1: Scramble x of x Deception,4/16/22,2011,Shounen Anime,Exciting,23,TV Series,TV-14
Hunter X Hunter (2011): Season 1: Hit x the x Target,4/16/22,2011,Shounen Anime,Exciting,23,TV Series,TV-14
Hunter X Hunter (2011): Season 1: Letter x from x Gon,4/16/22,2011,Shounen Anime,Exciting,23,TV Series,TV-14
Hunter X Hunter (2011): Season 1: Last Test x of x Resolve,4/16/22,2011,Shounen Anime,Exciting,23,TV Series,TV-14
Hunter X Hunter (2011): Season 1: Trouble x with x the Gamble,4/16/22,2011,Shounen Anime,Exciting,23,TV Series,TV-14
Hunter X Hunter (2011): Season 1: Trick x to x the Trick,4/15/22,2011,Shounen Anime,Exciting,23,TV Series,TV-14
Hunter X Hunter (2011): Season 1: Beware x of x Prisoners,4/13/22,2011,Shounen Anime,Exciting,23,TV Series,TV-14
Hunter X Hunter (2011): Season 1: Solution x Is x Majority Rules?,4/13/22,2011,Shounen Anime,Exciting,23,TV Series,TV-14
Hunter X Hunter (2011): Season 1: Showdown x on x the Airship,4/12/22,2011,Shounen Anime,Exciting,23,TV Series,TV-14
Hunter X Hunter (2011): Season 1: A x Surprising x Challenge,4/9/22,2011,Shounen Anime,Exciting,23,TV Series,TV-14
Hunter X Hunter (2011): Season 1: Hisoka x Is x Sneaky,4/9/22,2011,Shounen Anime,Exciting,23,TV Series,TV-14
Hunter X Hunter (2011): Season 1: Hope x and x Ambition,4/9/22,2011,Shounen Anime,Exciting,23,TV Series,TV-14
Hunter X Hunter (2011): Season 1: Rivals x for x Survival,4/5/22,2011,Shounen Anime,Exciting,23,TV Series,TV-14
Hunter X Hunter (2011): Season 1: Test x of x Tests,4/5/22,2011,Shounen Anime,Exciting,23,TV Series,TV-14
Hunter X Hunter (2011): Season 1: Departure x and x Friends,4/4/22,2011,Shounen Anime,Exciting,23,TV Series,TV-14
The Legend of Korra: Book One: Air: The Revelation,12/17/21,2012,TV Cartoons,Exciting,23,TV Series,TV-Y7
The Legend of Korra: Book One: Air: A Leaf in the Wind,12/16/21,2012,TV Cartoons,Exciting,24,TV Series,TV-Y7
The Legend of Korra: Book One: Air: Welcome to Republic City,12/15/21,2012,TV Cartoons,Exciting,23,TV Series,TV-Y7
Squid Game: Season 1: Stick to the Team,10/13/21,2021,Korean,Suspenseful,60,TV Series,TV-MA
Squid Game: Season 1: The Man with the Umbrella,10/13/21,2021,Korean,Suspenseful,63,TV Series,TV-MA
Squid Game: Season 1: Hell,10/12/21,2021,Korean,Suspenseful,54,TV Series,TV-MA
Avatar: The Last Airbender: Book 1: The Northern Air Temple,9/15/21,2005,TV Cartoons,Exciting,23,TV Series,TV-Y7
Avatar: The Last Airbender: Book 1: The Deserter,9/15/21,2005,TV Cartoons,Exciting,23,TV Series,TV-Y7
Avatar: The Last Airbender: Book 1: Winter Solstice: Part 1: The Spirit World,9/15/21,2005,TV Cartoons,Exciting,23,TV Series,TV-Y7
Avatar: The Last Airbender: Book 1: The Boy in the Iceberg,8/14/21,2005,TV Cartoons,Exciting,23,TV Series,TV-Y7
Headspace Guide to Meditation: Season 1: How to Fall in Love with Life,8/12/21,2021,Science & Nature Docs,Informative,23,Docuseries,TV-G
Initial D,7/7/21,2005,Action & Adventure,Exciting,108,Movie,TV-14
The Garden of Words,7/7/21,2013,Romance Anime,Intimate,46,Movie,TV-14
One-Punch Man: Season 1: The Strongest Hero,6/20/21,2015,Anime Series,Deadpan,24,TV Series,TV-14
One-Punch Man: Season 1: The Dominator of the Universe,6/20/21,2015,Anime Series,Deadpan,24,TV Series,TV-14
One-Punch Man: Season 1: Unparalleled Peril,6/20/21,2015,Anime Series,Deadpan,24,TV Series,TV-14
One-Punch Man: Season 1: Unyielding Justice,6/20/21,2015,Anime Series,Deadpan,24,TV Series,TV-14
One-Punch Man: Season 1: The Deep Sea King,6/20/21,2015,Anime Series,Deadpan,24,TV Series,TV-14
One-Punch Man: Season 1: The Ultimate Disciple,6/20/21,2015,Anime Series,Deadpan,24,TV Series,TV-14
One-Punch Man: Season 1: The Terrifying City,6/19/21,2015,Anime Series,Deadpan,24,TV Series,TV-14
One-Punch Man: Season 1: The Ultimate Mentor,6/19/21,2015,Anime Series,Deadpan,24,TV Series,TV-14
One-Punch Man: Season 1: The Modern Ninja,6/19/21,2015,Anime Series,Deadpan,24,TV Series,TV-14
One-Punch Man: Season 1: The Obsessive Scientist,6/19/21,2015,Anime Series,Deadpan,24,TV Series,TV-14
One-Punch Man: Season 1: The Lone Cyborg,6/19/21,2015,Anime Series,Deadpan,24,TV Series,TV-14
One-Punch Man: Season 1: The Strongest Man,6/18/21,2015,Anime Series,Deadpan,24,TV Series,TV-14
Kuroko's Basketball: Season 2: Episode 50,5/24/21,2015,Sports Anime,Exciting,24,TV Series,TV-MA
Kuroko's Basketball: Season 2: Episode 49,5/24/21,2015,Sports Anime,Exciting,24,TV Series,TV-MA
Kuroko's Basketball: Season 2: Episode 48,5/24/21,2015,Sports Anime,Exciting,24,TV Series,TV-MA
Kuroko's Basketball: Season 2: Episode 47,5/24/21,2015,Sports Anime,Exciting,24,TV Series,TV-MA
Kuroko's Basketball: Season 2: Episode 46,5/24/21,2015,Sports Anime,Exciting,24,TV Series,TV-MA
Kuroko's Basketball: Season 2: Episode 45,5/24/21,2015,Sports Anime,Exciting,24,TV Series,TV-MA
Kuroko's Basketball: Season 2: Episode 44,5/20/21,2015,Sports Anime,Exciting,24,TV Series,TV-MA
Kuroko's Basketball: Season 2: Episode 43,5/20/21,2015,Sports Anime,Exciting,24,TV Series,TV-MA
Kuroko's Basketball: Season 2: Episode 42,5/20/21,2015,Sports Anime,Exciting,24,TV Series,TV-MA
Kuroko's Basketball: Season 2: Would You Mind Doing That Once More,5/18/21,2015,Sports Anime,Exciting,24,TV Series,TV-MA
Kuroko's Basketball: Season 2: Episode 41,5/18/21,2015,Sports Anime,Exciting,24,TV Series,TV-MA
Kuroko's Basketball: Season 2: Episode 40,5/18/21,2015,Sports Anime,Exciting,24,TV Series,TV-MA
Kuroko's Basketball: Season 2: Episode 39,5/18/21,2015,Sports Anime,Exciting,24,TV Series,TV-MA
Kuroko's Basketball: Season 2: Episode 38,5/18/21,2015,Sports Anime,Exciting,24,TV Series,TV-MA
Kuroko's Basketball: Season 2: Episode 37,5/18/21,2015,Sports Anime,Exciting,24,TV Series,TV-MA
Kuroko's Basketball: Season 2: Episode 36,5/18/21,2015,Sports Anime,Exciting,24,TV Series,TV-MA
Kuroko's Basketball: Season 2: Episode 35,5/17/21,2015,Sports Anime,Exciting,24,TV Series,TV-MA
Kuroko's Basketball: Season 2: Episode 34,5/17/21,2015,Sports Anime,Exciting,24,TV Series,TV-MA
Kuroko's Basketball: Season 2: Episode 33,5/17/21,2015,Sports Anime,Exciting,24,TV Series,TV-MA
Kuroko's Basketball: Season 2: Episode 32,5/17/21,2015,Sports Anime,Exciting,24,TV Series,TV-MA
Kuroko's Basketball: Season 2: Episode 31,5/15/21,2015,Sports Anime,Exciting,24,TV Series,TV-MA
Kuroko's Basketball: Season 2: Episode 30,5/15/21,2015,Sports Anime,Exciting,24,TV Series,TV-MA
Kuroko's Basketball: Season 2: Episode 29,5/15/21,2015,Sports Anime,Exciting,24,TV Series,TV-MA
Kuroko's Basketball: Season 2: Episode 28,5/15/21,2015,Sports Anime,Exciting,24,TV Series,TV-MA
Kuroko's Basketball: Season 2: Episode 27,5/15/21,2015,Sports Anime,Exciting,24,TV Series,TV-MA
Kuroko's Basketball: Season 2: Episode 26,5/15/21,2015,Sports Anime,Exciting,24,TV Series,TV-MA
Yasuke: Season 1: Ronin,5/14/21,2021,Action Anime,Suspenseful,30,TV Series,TV-MA
Kuroko's Basketball: Season 1: Episode 25,5/3/21,2015,Sports Anime,Exciting,24,TV Series,TV-MA
Kuroko's Basketball: Season 1: Episode 24,4/20/21,2015,Sports Anime,Exciting,24,TV Series,TV-MA
Kuroko's Basketball: Season 1: Episode 23,4/20/21,2015,Sports Anime,Exciting,24,TV Series,TV-MA
Kuroko's Basketball: Season 1: Kuroko's Basketball: Tip Off,4/20/21,2015,Sports Anime,Exciting,24,TV Series,TV-MA
Kuroko's Basketball: Season 1: Episode 22,4/19/21,2015,Sports Anime,Exciting,24,TV Series,TV-MA
Kuroko's Basketball: Season 1: Episode 21,4/19/21,2015,Sports Anime,Exciting,24,TV Series,TV-MA
Kuroko's Basketball: Season 1: Episode 20,4/19/21,2015,Sports Anime,Exciting,24,TV Series,TV-MA
Kuroko's Basketball: Season 1: Episode 19,4/19/21,2015,Sports Anime,Exciting,24,TV Series,TV-MA
Kuroko's Basketball: Season 1: Episode 18,4/19/21,2015,Sports Anime,Exciting,24,TV Series,TV-MA
Kuroko's Basketball: Season 1: Episode 17,4/19/21,2015,Sports Anime,Exciting,24,TV Series,TV-MA
The Way of the Househusband: Season 1: Episode 1,4/19/21,2015,Sports Anime,Exciting,24,TV Series,TV-MA
Kuroko's Basketball: Season 1: Episode 16,4/19/21,2015,Sports Anime,Exciting,24,TV Series,TV-MA
Kuroko's Basketball: Season 1: Episode 15,4/19/21,2015,Sports Anime,Exciting,24,TV Series,TV-MA
Kuroko's Basketball: Season 1: Episode 14,4/18/21,2015,Sports Anime,Exciting,24,TV Series,TV-MA
Kuroko's Basketball: Season 1: Episode 13,4/18/21,2015,Sports Anime,Exciting,24,TV Series,TV-MA
Kuroko's Basketball: Season 1: Episode 12,4/18/21,2015,Sports Anime,Exciting,24,TV Series,TV-MA
Kuroko's Basketball: Season 1: Episode 11,4/18/21,2015,Sports Anime,Exciting,24,TV Series,TV-MA
Kuroko's Basketball: Season 1: Episode 10,4/18/21,2015,Sports Anime,Exciting,24,TV Series,TV-MA
Kuroko's Basketball: Season 1: Episode 9,4/18/21,2015,Sports Anime,Exciting,24,TV Series,TV-MA
Kuroko's Basketball: Season 1: Episode 8,4/16/21,2015,Sports Anime,Exciting,24,TV Series,TV-MA
Kuroko's Basketball: Season 1: Episode 7,4/15/21,2015,Sports Anime,Exciting,24,TV Series,TV-MA
Kuroko's Basketball: Season 1: Episode 6,4/15/21,2015,Sports Anime,Exciting,24,TV Series,TV-MA
Kuroko's Basketball: Season 1: Episode 5,4/15/21,2015,Sports Anime,Exciting,24,TV Series,TV-MA
Kuroko's Basketball: Season 1: Episode 4,4/15/21,2015,Sports Anime,Exciting,24,TV Series,TV-MA
Kuroko's Basketball: Season 1: Episode 3,4/15/21,2015,Sports Anime,Exciting,24,TV Series,TV-MA
Kuroko's Basketball: Season 1: Episode 2,4/14/21,2015,Sports Anime,Exciting,24,TV Series,TV-MA
Kuroko's Basketball: Season 1: Episode 1,4/14/21,2015,Sports Anime,Exciting,24,TV Series,TV-MA
Have a Good Trip: Adventures in Psychedelics,4/13/21,2020,Social & Cultural Docs,Offbeat,86,Documentary,TV-MA
Kakegurui: Kakegurui xx: The Changing Girl,4/4/21,2019,Mystery & Thriller Anime,Exciting,24,TV Series,TV-14
Kakegurui: Kakegurui xx: The Zero Girl,4/3/21,2019,Mystery & Thriller Anime,Exciting,24,TV Series,TV-14
Kakegurui: Kakegurui xx: The X Girl,3/31/21,2019,Mystery & Thriller Anime,Exciting,24,TV Series,TV-14
Kakegurui: Kakegurui xx: The Logical Girl,3/30/21,2019,Mystery & Thriller Anime,Exciting,24,TV Series,TV-14
Kakegurui: Kakegurui xx: The Adjacent Girl,3/30/21,2019,Mystery & Thriller Anime,Exciting,24,TV Series,TV-14
Kakegurui: Kakegurui xx: The Undefeatable Girl,3/30/21,2019,Mystery & Thriller Anime,Exciting,24,TV Series,TV-14
Kakegurui: Kakegurui xx: The Traitorous Girl,3/30/21,2019,Mystery & Thriller Anime,Exciting,24,TV Series,TV-14
Kakegurui: Kakegurui xx: The Hollywood Girl,3/29/21,2019,Mystery & Thriller Anime,Exciting,24,TV Series,TV-14
Kakegurui: Kakegurui xx: The Connected Girls,3/24/21,2019,Mystery & Thriller Anime,Exciting,24,TV Series,TV-14
Kakegurui: Kakegurui xx: The Untouchable Girl,3/23/21,2019,Mystery & Thriller Anime,Exciting,24,TV Series,TV-14
Kakegurui: Kakegurui xx: The Momobami Clan Girls,3/23/21,2019,Mystery & Thriller Anime,Exciting,24,TV Series,TV-14
Kakegurui: Kakegurui xx: Compulsive Gambling Girls Redux,3/23/21,2019,Mystery & Thriller Anime,Exciting,24,TV Series,TV-14
Kakegurui: Episode 12,3/22/21,2019,Mystery & Thriller Anime,Exciting,24,TV Series,TV-14
Kakegurui: Episode 11,3/20/21,2019,Mystery & Thriller Anime,Exciting,24,TV Series,TV-14
Kakegurui: Episode 10,3/20/21,2019,Mystery & Thriller Anime,Exciting,24,TV Series,TV-14
Kakegurui: Episode 9,3/20/21,2019,Mystery & Thriller Anime,Exciting,24,TV Series,TV-14
Kakegurui: Episode 8,3/20/21,2019,Mystery & Thriller Anime,Exciting,24,TV Series,TV-14
Kakegurui: Episode 7,3/20/21,2019,Mystery & Thriller Anime,Exciting,24,TV Series,TV-14
Kakegurui: Episode 6,3/19/21,2019,Mystery & Thriller Anime,Exciting,24,TV Series,TV-14
Kakegurui: Episode 5,3/19/21,2019,Mystery & Thriller Anime,Exciting,24,TV Series,TV-14
Kakegurui: Episode 4,3/19/21,2019,Mystery & Thriller Anime,Exciting,24,TV Series,TV-14
Kakegurui: Episode 3,3/15/21,2019,Mystery & Thriller Anime,Exciting,24,TV Series,TV-14
Kakegurui: Episode 2,3/15/21,2019,Mystery & Thriller Anime,Exciting,24,TV Series,TV-14
Kakegurui: Episode 1,3/15/21,2019,Mystery & Thriller Anime,Exciting,24,TV Series,TV-14
A Silent Voice,3/15/21,2016,Shounen Anime,Emotional,129,Movie,TV-14
Headspace Guide to Meditation: Season 1: How to Let Go,3/4/21,2021,Science & Nature Docs,Informative,21,Docuseries,TV-G
The Creative Brain,3/4/21,2019,Social & Cultural Docs,Informative,52,Documentary,TV-14
Explained: Season 2: Diamonds,3/3/21,2019,Social & Cultural Docs,Investigative,23,Docuseries,TV-MA
"The Mind, Explained: Season 1: Dreams",3/3/21,2019,Social & Cultural Docs,Investigative,19,Docuseries,TV-14
Fate/stay night: Unlimited Blade Works: Part 2: Epilogue,2/22/21,2015,Action Anime,Exciting,24,TV Series,TV-14
Fate/stay night: Unlimited Blade Works: Part 2: Unlimited Blade Works,2/12/21,2015,Action Anime,Exciting,24,TV Series,TV-14
Fate/stay night: Unlimited Blade Works: Part 2: Incarnation,2/12/21,2015,Action Anime,Exciting,24,TV Series,TV-14
"Fate/stay night: Unlimited Blade Works: Part 2: Winter Days, A Long Way Home",2/12/21,2015,Action Anime,Exciting,24,TV Series,TV-14
Fate/stay night: Unlimited Blade Works: Part 2: Answer,2/12/21,2015,Action Anime,Exciting,24,TV Series,TV-14
Fate/stay night: Unlimited Blade Works: Part 2: Unlimited Blade Works,2/12/21,2015,Action Anime,Exciting,24,TV Series,TV-14
Fate/stay night: Unlimited Blade Works: Part 2: Idealismâ€™s End (The Answer),2/12/21,2015,Action Anime,Exciting,24,TV Series,TV-14
Fate/stay night: Unlimited Blade Works: Part 2: The Beginning of the Circle,2/12/21,2015,Action Anime,Exciting,24,TV Series,TV-14
Fate/stay night: Unlimited Blade Works: Part 2: The Dark Sword Bares Its Fangs,2/12/21,2015,Action Anime,Exciting,24,TV Series,TV-14
"Fate/stay night: Unlimited Blade Works: Part 2: Winter Days, The Form Wishes Take",2/9/21,2015,Action Anime,Exciting,24,TV Series,TV-14
Fate/stay night: Unlimited Blade Works: Part 2: A Battle of Legend,2/9/21,2015,Action Anime,Exciting,24,TV Series,TV-14
Fate/stay night: Unlimited Blade Works: Part 2: The Princess of Colchis,2/9/21,2015,Action Anime,Exciting,24,TV Series,TV-14
Fate/stay night: Unlimited Blade Works: Part 2: Time of Departure,2/8/21,2015,Action Anime,Exciting,24,TV Series,TV-14
Fate/stay night: Unlimited Blade Works: Part 1: The Final Decision,2/8/21,2015,Action Anime,Exciting,24,TV Series,TV-14
Fate/stay night: Unlimited Blade Works: Part 1: A Visitor Approaches Lightly,2/8/21,2015,Action Anime,Exciting,24,TV Series,TV-14
Fate/stay night: Unlimited Blade Works: Part 1: The Fifth Contractor,2/8/21,2015,Action Anime,Exciting,24,TV Series,TV-14
Fate/stay night: Unlimited Blade Works: Part 1: The Distance Between Them,2/8/21,2015,Action Anime,Exciting,24,TV Series,TV-14
"Fate/stay night: Unlimited Blade Works: Part 1: Winter Days, Where the Heart Is",2/7/21,2015,Action Anime,Exciting,24,TV Series,TV-14
Fate/stay night: Unlimited Blade Works: Part 1: The Reward for the Fight to the Death,2/7/21,2015,Action Anime,Exciting,24,TV Series,TV-14
Fate/stay night: Unlimited Blade Works: Part 1: Mirage,2/7/21,2015,Action Anime,Exciting,24,TV Series,TV-14
Fate/stay night: Unlimited Blade Works: Part 1: Dancing After School,2/6/21,2015,Action Anime,Exciting,24,TV Series,TV-14
Fate/stay night: Unlimited Blade Works: Part 1: Finding the Will to Fight,2/6/21,2015,Action Anime,Exciting,24,TV Series,TV-14
Fate/stay night: Unlimited Blade Works: Part 1: The First Battle,2/5/21,2015,Action Anime,Exciting,24,TV Series,TV-14
Fate/stay night: Unlimited Blade Works: Part 1: The Curtain Goes Up,2/5/21,2015,Action Anime,Exciting,24,TV Series,TV-14
"Fate/stay night: Unlimited Blade Works: Part 1: Winter Days, A Fateful Night",2/5/21,2015,Action Anime,Exciting,24,TV Series,TV-14
Fate/stay night: Unlimited Blade Works: Part 1: Prologue,2/4/21,2015,Action Anime,Exciting,24,TV Series,TV-14
"Attack on Titan: Season 1: Wall: Raid on Stohess District, Part 3",2/4/21,2013,Anime Series,Dark,25,TV Series,TV-MA
"Attack on Titan: Season 1: Mercy: Raid on Stohess District, Part 2",1/6/21,2013,Anime Series,Dark,25,TV Series,TV-MA
"Attack on Titan: Season 1: Smile: Raid on Stohess District, Part 1",1/6/21,2013,Anime Series,Dark,25,TV Series,TV-MA
"Attack on Titan: Season 1: The Defeated: 57th Expedition Beyond the Walls, Part 6",1/6/21,2013,Anime Series,Dark,25,TV Series,TV-MA
"Attack on Titan: Season 1: Crushing Blow: 57th Expedition Beyond the Walls, Part 5",1/6/21,2013,Anime Series,Dark,25,TV Series,TV-MA
"Attack on Titan: Season 1: Erwin Smith: 57th Expedition Beyond the Walls, Part 4",1/6/21,2013,Anime Series,Dark,25,TV Series,TV-MA
"Attack on Titan: Season 1: Bite: 57th Expedition Beyond the Walls, Part 3",1/6/21,2013,Anime Series,Dark,25,TV Series,TV-MA
"Attack on Titan: Season 1: Forest of Giant Trees: 57th Expedition Beyond the Walls, Part 2",1/6/21,2013,Anime Series,Dark,25,TV Series,TV-MA
"Attack on Titan: Season 1: Female Titan: 57th Expedition Beyond the Walls, Part 1",1/6/21,2013,Anime Series,Dark,25,TV Series,TV-MA
"Attack on Titan: Season 1: What Should be Done: Prelude to the Counterattack, Part 3",1/6/21,2013,Anime Series,Dark,25,TV Series,TV-MA
"Attack on Titan: Season 1: Special Operations Squad: Prelude to the Counterattack, Part 2",1/6/21,2013,Anime Series,Dark,25,TV Series,TV-MA
"Attack on Titan: Season 1: Still Can't See: Prelude to the Counterattack, Part 1",1/6/21,2013,Anime Series,Dark,25,TV Series,TV-MA
"Attack on Titan: Season 1: Primal Desires: Battle of Trost District, Part 9",1/6/21,2013,Anime Series,Dark,25,TV Series,TV-MA
"Attack on Titan: Season 1: Wound: Battle of Trost District, Part 8",1/5/21,2013,Anime Series,Dark,25,TV Series,TV-MA
"Attack on Titan: Season 1: Icon: Battle of Trost District, Part 7",1/5/21,2013,Anime Series,Dark,25,TV Series,TV-MA
"Attack on Titan: Season 1: The World She Saw: Battle of Trost District, Part 2",1/5/21,2013,Anime Series,Dark,25,TV Series,TV-MA
"Attack on Titan: Season 1: Answer: Battle of Trost District, Part 6",1/5/21,2013,Anime Series,Dark,25,TV Series,TV-MA
"Attack on Titan: Season 1: Where the Left Arm Went: Battle of Trost District, Part 5",1/4/21,2013,Anime Series,Dark,25,TV Series,TV-MA
"Attack on Titan: Season 1: Hearing the Heartbeat: Battle of Trost District, Part 4",1/4/21,2013,Anime Series,Dark,25,TV Series,TV-MA
"Attack on Titan: Season 1: The Small Blade: Battle of Trost District, Part 3",1/4/21,2013,Anime Series,Dark,25,TV Series,TV-MA
"Attack on Titan: Season 1: First Battle: Battle of Trost District, Part 1",1/4/21,2013,Anime Series,Dark,25,TV Series,TV-MA
"Attack on Titan: Season 1: Night of the Graduation Ceremony: Humanity Rises Again, Part 2",1/4/21,2013,Anime Series,Dark,25,TV Series,TV-MA
"Attack on Titan: Season 1: A Dim Light in the Darkness of Despair: Humanity Rises Again, Part 1",1/4/21,2013,Anime Series,Dark,25,TV Series,TV-MA
"Attack on Titan: Season 1: That Day: The Fall of Shiganshina, Part 2",1/4/21,2013,Anime Series,Dark,25,TV Series,TV-MA
"Attack on Titan: Season 1: To You, After 2,000 Years: The Fall of Shiganshina, Part 1",1/3/21,2013,Anime Series,Dark,25,TV Series,TV-MA
"The Mind, Explained: Season 1: Mindfulness",1/3/21,2019,Social & Cultural Docs,Investigative,19,Docuseries,TV-14
Great Pretender: Season 1: Case 3_4: Snow of London,11/7/20,2020,Crime Anime,Exciting,23,TV Series,TV-MA
Great Pretender: Season 1: Case 3_3: Snow of London,10/31/20,2020,Crime Anime,Exciting,23,TV Series,TV-MA
Great Pretender: Season 1: Case 2_3: Singapore Sky,10/29/20,2020,Crime Anime,Exciting,23,TV Series,TV-MA
Great Pretender: Season 1: Case 2_2: Singapore Sky,10/29/20,2020,Crime Anime,Exciting,23,TV Series,TV-MA
Great Pretender: Season 1: Case 3_2: Snow of London,10/29/20,2020,Crime Anime,Exciting,23,TV Series,TV-MA
Great Pretender: Season 1: Case 3_1: Snow of London,10/29/20,2020,Crime Anime,Exciting,23,TV Series,TV-MA
Great Pretender: Season 1: Case 2_5: Singapore Sky,10/29/20,2020,Crime Anime,Exciting,23,TV Series,TV-MA
Great Pretender: Season 1: Case 2_4: Singapore Sky,10/29/20,2020,Crime Anime,Exciting,23,TV Series,TV-MA
Great Pretender: Season 1: Case 2_1: Singapore Sky,10/29/20,2020,Crime Anime,Exciting,23,TV Series,TV-MA
Great Pretender: Season 1: Case 1_5: Los Angeles Connection,10/28/20,2020,Crime Anime,Exciting,23,TV Series,TV-MA
Great Pretender: Season 1: Case 1_4: Los Angeles Connection,10/28/20,2020,Crime Anime,Exciting,23,TV Series,TV-MA
Great Pretender: Season 1: Case 1_3: Los Angeles Connection,10/28/20,2020,Crime Anime,Exciting,23,TV Series,TV-MA
Great Pretender: Season 1: Case 1_2: Los Angeles Connection,10/27/20,2020,Crime Anime,Exciting,23,TV Series,TV-MA
Great Pretender: Season 1: Case 1_1: Los Angeles Connection,10/27/20,2020,Crime Anime,Exciting,23,TV Series,TV-MA
Anohana: The Flower We Saw That Day: Season 1: Episode 11,10/26/20,2011,Romance Anime,Emotional,22,TV Series,TV-14
Anohana: The Flower We Saw That Day: Season 1: Episode 10,10/25/20,2011,Romance Anime,Emotional,22,TV Series,TV-14
Anohana: The Flower We Saw That Day: Season 1: Episode 8,10/25/20,2011,Romance Anime,Emotional,22,TV Series,TV-14
Anohana: The Flower We Saw That Day: Season 1: Episode 7,10/25/20,2011,Romance Anime,Emotional,22,TV Series,TV-14
Anohana: The Flower We Saw That Day: Season 1: Episode 9,10/25/20,2011,Romance Anime,Emotional,22,TV Series,TV-14
Anohana: The Flower We Saw That Day: Season 1: Episode 6,10/25/20,2011,Romance Anime,Emotional,22,TV Series,TV-14
Anohana: The Flower We Saw That Day: Season 1: Episode 5,10/25/20,2011,Romance Anime,Emotional,22,TV Series,TV-14
Anohana: The Flower We Saw That Day: Season 1: Episode 4,10/25/20,2011,Romance Anime,Emotional,22,TV Series,TV-14
Anohana: The Flower We Saw That Day: Season 1: Episode 3,10/25/20,2011,Romance Anime,Emotional,22,TV Series,TV-14
Anohana: The Flower We Saw That Day: Season 1: Episode 2,10/24/20,2011,Romance Anime,Emotional,22,TV Series,TV-14
Anohana: The Flower We Saw That Day: Season 1: Episode 1,10/24/20,2011,Romance Anime,Emotional,22,TV Series,TV-14
Avatar: The Last Airbender: Book 3: The Avatar and the Firelord,10/24/20,2005,TV Cartoons,Exciting,23,TV Series,TV-Y7
Erased: Season 1: Treasure,10/23/20,2016,Mystery & Thriller Anime,Suspenseful,22,TV Series,TV-14
Erased: Season 1: Future,10/21/20,2016,Mystery & Thriller Anime,Suspenseful,22,TV Series,TV-14
Erased: Season 1: Joy,10/21/20,2016,Mystery & Thriller Anime,Suspenseful,22,TV Series,TV-14
Erased: Season 1: Closure,10/21/20,2016,Mystery & Thriller Anime,Suspenseful,22,TV Series,TV-14
Erased: Season 1: Spiral,10/21/20,2016,Mystery & Thriller Anime,Suspenseful,22,TV Series,TV-14
Erased: Season 1: Out of Control,10/21/20,2016,Mystery & Thriller Anime,Suspenseful,22,TV Series,TV-14
Erased: Season 1: Grim Reaper,10/20/20,2016,Mystery & Thriller Anime,Suspenseful,22,TV Series,TV-14
Erased: Season 1: Getaway,10/20/20,2016,Mystery & Thriller Anime,Suspenseful,22,TV Series,TV-14
Erased: Season 1: Accomplishment,10/20/20,2016,Mystery & Thriller Anime,Suspenseful,22,TV Series,TV-14
Erased: Season 1: Birthmark,10/20/20,2016,Mystery & Thriller Anime,Suspenseful,22,TV Series,TV-14
Erased: Season 1: Palm of the Hand,10/20/20,2016,Mystery & Thriller Anime,Suspenseful,22,TV Series,TV-14
Erased: Season 1: Flashing Before My Eyes,10/20/20,2016,Mystery & Thriller Anime,Suspenseful,22,TV Series,TV-14
The Alpinist,10/19/20,2020,Sports Movie,Inspiring,92,Movie,PG-13
Avatar: The Last Airbender: Book 3: The Beach,10/9/20,2005,TV Cartoons,Exciting,23,TV Series,TV-Y7
Avatar: The Last Airbender: Book 2: Avatar Day,10/9/20,2005,TV Cartoons,Exciting,23,TV Series,TV-Y7
CLANNAD: Vol. 2: Another World: Tomoyo Chapter,9/27/20,2008,Romance Anime,Emotional,24,TV Series,TV-14
CLANNAD: Vol. 2: The Events of Summer Holidays,9/25/20,2008,Romance Anime,Emotional,24,TV Series,TV-14
CLANNAD: Vol. 2: Two Shadows,9/25/20,2008,Romance Anime,Emotional,24,TV Series,TV-14
CLANNAD: Vol. 2: Face Toward the School Festival,9/24/20,2008,Romance Anime,Emotional,24,TV Series,TV-14
CLANNAD: Vol. 2: A Hidden Past,9/24/20,2008,Romance Anime,Emotional,24,TV Series,TV-14
CLANNAD: Vol. 2: A New Life,9/24/20,2008,Romance Anime,Emotional,24,TV Series,TV-14
CLANNAD: Vol. 2: Counter Measures,9/24/20,2008,Romance Anime,Emotional,24,TV Series,TV-14
CLANNAD: Vol. 2: A Room without Anyone,9/24/20,2008,Romance Anime,Emotional,24,TV Series,TV-14
CLANNAD: Vol. 2: 3 on 3,9/23/20,2008,Romance Anime,Emotional,24,TV Series,TV-14
CLANNAD: Vol. 2: Stuck Problem,9/23/20,2008,Romance Anime,Emotional,24,TV Series,TV-14
CLANNAD: Vol. 2: Theory of Everything,9/23/20,2008,Romance Anime,Emotional,24,TV Series,TV-14
CLANNAD: Vol. 2: Garden of Memories,9/20/20,2008,Romance Anime,Emotional,24,TV Series,TV-14
CLANNAD: Vol. 1: Hidden World,9/20/20,2008,Romance Anime,Emotional,24,TV Series,TV-14
CLANNAD: Vol. 1: The After School Rhapsody,9/20/20,2008,Romance Anime,Emotional,24,TV Series,TV-14
CLANNAD: Vol. 1: The Girl Genius' Challenge,9/19/20,2008,Romance Anime,Emotional,24,TV Series,TV-14
CLANNAD: Vol. 1: Until the End of the Dream,9/18/20,2008,Romance Anime,Emotional,24,TV Series,TV-14
CLANNAD: Vol. 1: The Wind that Vanishes into Dust,9/18/20,2008,Romance Anime,Emotional,24,TV Series,TV-14
CLANNAD: Vol. 1: Star-Shaped Feelings,9/17/20,2008,Romance Anime,Emotional,24,TV Series,TV-14
CLANNAD: Vol. 1: The Older and Younger Sister's Founder's Festival,9/11/20,2008,Romance Anime,Emotional,24,TV Series,TV-14
CLANNAD: Vol. 1: The Scenery with a Carving,9/10/20,2008,Romance Anime,Emotional,24,TV Series,TV-14
CLANNAD: Vol. 1: Let's Find Friends,9/10/20,2008,Romance Anime,Emotional,24,TV Series,TV-14
CLANNAD: Vol. 1: Once Again After Crying,9/10/20,2008,Romance Anime,Emotional,24,TV Series,TV-14
CLANNAD: Vol. 1: The First Step,9/10/20,2008,Romance Anime,Emotional,24,TV Series,TV-14
CLANNAD: Vol. 1: On the Hillside Path Where the Cherry Blossoms Flutter,9/9/20,2008,Romance Anime,Emotional,24,TV Series,TV-14
The Irregular at Magic High School: Yokohama Disturbance Part 8,9/8/20,2014,Anime Series,Exciting,23,TV Series,TV-14
The Irregular at Magic High School: Yokohama Disturbance Part 7,9/8/20,2014,Anime Series,Exciting,23,TV Series,TV-14
The Irregular at Magic High School: Yokohama Disturbance Part 6,9/7/20,2014,Anime Series,Exciting,23,TV Series,TV-14
The Irregular at Magic High School: Yokohama Disturbance Part 5,9/7/20,2014,Anime Series,Exciting,23,TV Series,TV-14
The Irregular at Magic High School: Yokohama Disturbance Part 4,9/7/20,2014,Anime Series,Exciting,23,TV Series,TV-14
The Irregular at Magic High School: Yokohama Disturbance Part 3,9/7/20,2014,Anime Series,Exciting,23,TV Series,TV-14
The Irregular at Magic High School: Yokohama Disturbance Part 2,9/7/20,2014,Anime Series,Exciting,23,TV Series,TV-14
The Irregular at Magic High School: Yokohama Disturbance Part 1,9/3/20,2014,Anime Series,Exciting,23,TV Series,TV-14
The Irregular at Magic High School: Nine Schools Competition Part 11,9/2/20,2014,Anime Series,Exciting,23,TV Series,TV-14
The Irregular at Magic High School: Nine Schools Competition Part 10,9/1/20,2014,Anime Series,Exciting,23,TV Series,TV-14
The Irregular at Magic High School: Nine Schools Competition Part 9,9/1/20,2014,Anime Series,Exciting,23,TV Series,TV-14
The Irregular at Magic High School: Nine Schools Competition Part 8,9/1/20,2014,Anime Series,Exciting,23,TV Series,TV-14
The Irregular at Magic High School: Nine Schools Competition Part 7,9/1/20,2014,Anime Series,Exciting,23,TV Series,TV-14
The Irregular at Magic High School: Nine Schools Competition Part 6,9/1/20,2014,Anime Series,Exciting,23,TV Series,TV-14
The Irregular at Magic High School: Nine Schools Competition Part 5,9/1/20,2014,Anime Series,Exciting,23,TV Series,TV-14
The Irregular at Magic High School: Nine Schools Competition Part 4,8/31/20,2014,Anime Series,Exciting,23,TV Series,TV-14
The Irregular at Magic High School: Nine Schools Competition Part 3,8/31/20,2014,Anime Series,Exciting,23,TV Series,TV-14
The Irregular at Magic High School: Nine Schools Competition Part 2,8/30/20,2014,Anime Series,Exciting,23,TV Series,TV-14
The Irregular at Magic High School: Nine Schools Competition Part 1,8/30/20,2014,Anime Series,Exciting,23,TV Series,TV-14
The Irregular at Magic High School: Enrollment Part 7,8/30/20,2014,Anime Series,Exciting,23,TV Series,TV-14
The Irregular at Magic High School: Enrollment Part 6,8/30/20,2014,Anime Series,Exciting,23,TV Series,TV-14
The Irregular at Magic High School: Enrollment Part 5,8/30/20,2014,Anime Series,Exciting,23,TV Series,TV-14
The Irregular at Magic High School: Enrollment Part 4,8/30/20,2014,Anime Series,Exciting,23,TV Series,TV-14
The Irregular at Magic High School: Enrollment Part 3,8/30/20,2014,Anime Series,Exciting,23,TV Series,TV-14
The Irregular at Magic High School: Enrollment Part 2,8/29/20,2014,Anime Series,Exciting,23,TV Series,TV-14
The Irregular at Magic High School: Enrollment Part 1,8/29/20,2014,Anime Series,Exciting,23,TV Series,TV-14
A Whisker Away,8/29/20,2020,Drama Anime,Calming,105,Movie,TV-PG
Princess Mononoke,8/15/20,1999,Action Anime,Suspenseful,133,Movie,PG-13
Toradora!: Season 1: Toradora!,8/13/20,2008,Romance Anime,Swoonworthy,23,TV Series,TV-14
Toradora!: Season 1: Confession,8/7/20,2008,Romance Anime,Swoonworthy,23,TV Series,TV-14
Toradora!: Season 1: Path to Take,8/7/20,2008,Romance Anime,Swoonworthy,23,TV Series,TV-14
Toradora!: Season 1: When You're Around,8/7/20,2008,Romance Anime,Swoonworthy,23,TV Series,TV-14
Toradora!: Season 1: Can't Help Myself,8/7/20,2008,Romance Anime,Swoonworthy,23,TV Series,TV-14
Toradora!: Season 1: Stay Like This Forever,8/7/20,2008,Romance Anime,Swoonworthy,23,TV Series,TV-14
Toradora!: Season 1: Christmas Eve Party,8/7/20,2008,Romance Anime,Swoonworthy,23,TV Series,TV-14
Toradora!: Season 1: Underneath the Fir Tree,8/7/20,2008,Romance Anime,Swoonworthy,23,TV Series,TV-14
Toradora!: Season 1: Mercury is Retrograde at Christmas,8/7/20,2008,Romance Anime,Swoonworthy,23,TV Series,TV-14
Toradora!: Season 1: One Step Forward,8/5/20,2008,Romance Anime,Swoonworthy,23,TV Series,TV-14
Toradora!: Season 1: Distant Star,8/5/20,2008,Romance Anime,Swoonworthy,23,TV Series,TV-14
Toradora!: Season 1: Palm-top Tiger of Happiness,8/5/20,2008,Romance Anime,Swoonworthy,23,TV Series,TV-14
Toradora!: Season 1: Ohashi High School Cultural Festival 3,8/4/20,2008,Romance Anime,Swoonworthy,23,TV Series,TV-14
Toradora!: Season 1: Ohashi High School Cultural Festival 2,8/4/20,2008,Romance Anime,Swoonworthy,23,TV Series,TV-14
Toradora!: Season 1: Ohashi High School Cultural Festival 1,8/2/20,2008,Romance Anime,Swoonworthy,23,TV Series,TV-14
Toradora!: Season 1: Fireworks,8/2/20,2008,Romance Anime,Swoonworthy,23,TV Series,TV-14
Toradora!: Season 1: When You Go to the Sea,8/2/20,2008,Romance Anime,Swoonworthy,23,TV Series,TV-14
Toradora!: Season 1: Who Is This For?,8/2/20,2008,Romance Anime,Swoonworthy,23,TV Series,TV-14
Toradora!: Season 1: Pool's Open,8/2/20,2008,Romance Anime,Swoonworthy,23,TV Series,TV-14
Toradora!: Season 1: True Self,8/2/20,2008,Romance Anime,Swoonworthy,23,TV Series,TV-14
Toradora!: Season 1: Kawashima Ami,8/2/20,2008,Romance Anime,Swoonworthy,23,TV Series,TV-14
Akame ga Kill!: Season 1: Akame ga Kill!,8/1/20,2014,Mystery & Thriller Anime,Dark,23,TV Series,TV-14
Akame ga Kill!: Season 1: Kill the Emperor,7/23/20,2014,Mystery & Thriller Anime,Dark,23,TV Series,TV-14
Akame ga Kill!: Season 1: Kill the Little Sister,7/23/20,2014,Mystery & Thriller Anime,Dark,23,TV Series,TV-14
Akame ga Kill!: Season 1: Kill the Despair,7/23/20,2014,Mystery & Thriller Anime,Dark,23,TV Series,TV-14
Akame ga Kill!: Season 1: Kill the Carnage,7/23/20,2014,Mystery & Thriller Anime,Dark,23,TV Series,TV-14
Akame ga Kill!: Season 1: Kill the Fate,7/23/20,2014,Mystery & Thriller Anime,Dark,23,TV Series,TV-14
Akame ga Kill!: Season 1: Kill the Demon,7/23/20,2014,Mystery & Thriller Anime,Dark,23,TV Series,TV-14
Akame ga Kill!: Season 1: Kill the Curse,7/23/20,2014,Mystery & Thriller Anime,Dark,23,TV Series,TV-14
Akame ga Kill!: Season 1: Kill the Puppets,7/23/20,2014,Mystery & Thriller Anime,Dark,23,TV Series,TV-14
Akame ga Kill!: Season 1: Kill the Religious Organization,7/23/20,2014,Mystery & Thriller Anime,Dark,23,TV Series,TV-14
Akame ga Kill!: Season 1: Kill the Colossal Danger Beast,7/23/20,2014,Mystery & Thriller Anime,Dark,23,TV Series,TV-14
Akame ga Kill!: Season 1: Kill the Nuisances,7/23/20,2014,Mystery & Thriller Anime,Dark,23,TV Series,TV-14
Akame ga Kill!: Season 1: Kill the Newcomers,7/22/20,2014,Mystery & Thriller Anime,Dark,23,TV Series,TV-14
Akame ga Kill!: Season 1: Kill the Mad Scientist,7/22/20,2014,Mystery & Thriller Anime,Dark,23,TV Series,TV-14
Akame ga Kill!: Season 1: Kill the Temptation,7/21/20,2014,Mystery & Thriller Anime,Dark,23,TV Series,TV-14
Akame ga Kill!: Season 1: Kill the Battle Fanatic,7/21/20,2014,Mystery & Thriller Anime,Dark,23,TV Series,TV-14
Akame ga Kill!: Season 1: Kill the Three: Part 2,7/21/20,2014,Mystery & Thriller Anime,Dark,23,TV Series,TV-14
Akame ga Kill!: Season 1: Kill the Three: Part 1,7/21/20,2014,Mystery & Thriller Anime,Dark,23,TV Series,TV-14
Akame ga Kill!: Season 1: Kill the Absolute Justice,7/21/20,2014,Mystery & Thriller Anime,Dark,23,TV Series,TV-14
Akame ga Kill!: Season 1: Kill the Dream,7/21/20,2014,Mystery & Thriller Anime,Dark,23,TV Series,TV-14
Akame ga Kill!: Season 1: Kill the Imperial Arm Users,7/21/20,2014,Mystery & Thriller Anime,Dark,23,TV Series,TV-14
Akame ga Kill!: Season 1: Kill Your Cares,7/21/20,2014,Mystery & Thriller Anime,Dark,23,TV Series,TV-14
Akame ga Kill!: Season 1: Kill the Authority,7/21/20,2014,Mystery & Thriller Anime,Dark,23,TV Series,TV-14
Akame ga Kill!: Season 1: Kill the Darkness,7/21/20,2014,Mystery & Thriller Anime,Dark,23,TV Series,TV-14
Fullmetal Alchemist: Brotherhood: Part 5: Journey's End,7/21/20,2009,Shounen Anime,Exciting,24,TV Series,TV-14
Fullmetal Alchemist: Brotherhood: Part 5: The Other Side of the Gateway,6/15/20,2009,Shounen Anime,Exciting,24,TV Series,TV-14
Fullmetal Alchemist: Brotherhood: Part 5: A Fierce Counterattack,6/15/20,2009,Shounen Anime,Exciting,24,TV Series,TV-14
Fullmetal Alchemist: Brotherhood: Part 5: He Who Would Swallow God,6/15/20,2009,Shounen Anime,Exciting,24,TV Series,TV-14
"Fullmetal Alchemist: Brotherhood: Part 5: Eye of Heaven, Gateway of Earth",6/15/20,2009,Shounen Anime,Exciting,24,TV Series,TV-14
Fullmetal Alchemist: Brotherhood: Part 5: Lost Light,6/15/20,2009,Shounen Anime,Exciting,24,TV Series,TV-14
Fullmetal Alchemist: Brotherhood: Part 5: Sacrifices,6/15/20,2009,Shounen Anime,Exciting,24,TV Series,TV-14
Fullmetal Alchemist: Brotherhood: Part 5: Eternal Leave,6/15/20,2009,Shounen Anime,Exciting,24,TV Series,TV-14
Fullmetal Alchemist: Brotherhood: Part 5: The Return of the Fuhrer,6/15/20,2009,Shounen Anime,Exciting,24,TV Series,TV-14
Fullmetal Alchemist: Brotherhood: Part 5: The Adults' Way of Life,6/15/20,2009,Shounen Anime,Exciting,24,TV Series,TV-14
Fullmetal Alchemist: Brotherhood: Part 5: Beyond the Inferno,6/14/20,2009,Shounen Anime,Exciting,24,TV Series,TV-14
Fullmetal Alchemist: Brotherhood: Part 5: Flame of Vengeance,6/14/20,2009,Shounen Anime,Exciting,24,TV Series,TV-14
Fullmetal Alchemist: Brotherhood: Part 4: Combined Strength,6/13/20,2009,Shounen Anime,Exciting,24,TV Series,TV-14
Fullmetal Alchemist: Brotherhood: Part 4: The Immortal Legion,6/13/20,2009,Shounen Anime,Exciting,24,TV Series,TV-14
Fullmetal Alchemist: Brotherhood: Part 4: Upheaval in Central,6/13/20,2009,Shounen Anime,Exciting,24,TV Series,TV-14
Fullmetal Alchemist: Brotherhood: Part 4: Filial Affection,6/13/20,2009,Shounen Anime,Exciting,24,TV Series,TV-14
Fullmetal Alchemist: Brotherhood: Part 4: The Oath in the Tunnel,6/13/20,2009,Shounen Anime,Exciting,24,TV Series,TV-14
Fullmetal Alchemist: Brotherhood: Part 4: Emissary of Darkness,6/13/20,2009,Shounen Anime,Exciting,24,TV Series,TV-14
Fullmetal Alchemist: Brotherhood: Part 4: Looming Shadows,6/13/20,2009,Shounen Anime,Exciting,24,TV Series,TV-14
Fullmetal Alchemist: Brotherhood: Part 4: The Promised Day,6/12/20,2009,Shounen Anime,Exciting,24,TV Series,TV-14
Fullmetal Alchemist: Brotherhood: Part 4: Revving at Full-throttle,6/12/20,2009,Shounen Anime,Exciting,24,TV Series,TV-14
Fullmetal Alchemist: Brotherhood: Part 4: Bite of the Ant,6/12/20,2009,Shounen Anime,Exciting,24,TV Series,TV-14
Fullmetal Alchemist: Brotherhood: Part 4: Signs of a Counter Offensive,6/12/20,2009,Shounen Anime,Exciting,24,TV Series,TV-14
Fullmetal Alchemist: Brotherhood: Part 4: The Abyss,6/12/20,2009,Shounen Anime,Exciting,24,TV Series,TV-14
Fullmetal Alchemist: Brotherhood: Part 4: The Dwarf in the Flask,6/11/20,2009,Shounen Anime,Exciting,24,TV Series,TV-14
Fullmetal Alchemist: Brotherhood: Part 3: Daydream,6/11/20,2009,Shounen Anime,Exciting,24,TV Series,TV-14
Fullmetal Alchemist: Brotherhood: Part 3: Conflict at Baschool,6/11/20,2009,Shounen Anime,Exciting,24,TV Series,TV-14
Fullmetal Alchemist: Brotherhood: Part 3: The First Homunculus,6/11/20,2009,Shounen Anime,Exciting,24,TV Series,TV-14
Fullmetal Alchemist: Brotherhood: Part 3: Family Portrait,6/11/20,2009,Shounen Anime,Exciting,24,TV Series,TV-14
Fullmetal Alchemist: Brotherhood: Part 3: The Shape of This Country,6/11/20,2009,Shounen Anime,Exciting,24,TV Series,TV-14
Fullmetal Alchemist: Brotherhood: Part 3: Ice Queen,6/11/20,2009,Shounen Anime,Exciting,24,TV Series,TV-14
Fullmetal Alchemist: Brotherhood: Part 3: The Northern Wall of Briggs,6/11/20,2009,Shounen Anime,Exciting,24,TV Series,TV-14
Fullmetal Alchemist: Brotherhood: Part 3: The Fuhrer's Son,6/10/20,2009,Shounen Anime,Exciting,24,TV Series,TV-14
Fullmetal Alchemist: Brotherhood: Part 3: The 520 Cens Promise,6/10/20,2009,Shounen Anime,Exciting,24,TV Series,TV-14
Fullmetal Alchemist: Brotherhood: Part 3: The Ishvalan War of Extermination,6/10/20,2009,Shounen Anime,Exciting,24,TV Series,TV-14
Fullmetal Alchemist: Brotherhood: Part 3: Struggle of the Fool,6/10/20,2009,Shounen Anime,Exciting,24,TV Series,TV-14
Fullmetal Alchemist: Brotherhood: Part 3: Father,6/10/20,2009,Shounen Anime,Exciting,24,TV Series,TV-14
Fullmetal Alchemist: Brotherhood: Part 3: Interlude Party,6/10/20,2009,Shounen Anime,Exciting,24,TV Series,TV-14
Fullmetal Alchemist: Brotherhood: Part 2: Reunion,6/10/20,2009,Shounen Anime,Exciting,24,TV Series,TV-14
Fullmetal Alchemist: Brotherhood: Part 2: Doorway of Darkness,6/8/20,2009,Shounen Anime,Exciting,24,TV Series,TV-14
Fullmetal Alchemist: Brotherhood: Part 2: Inside the Belly,6/8/20,2009,Shounen Anime,Exciting,24,TV Series,TV-14
Fullmetal Alchemist: Brotherhood: Part 2: Girl on the Battlefield,6/8/20,2009,Shounen Anime,Exciting,24,TV Series,TV-14
Fullmetal Alchemist: Brotherhood: Part 2: Backs in the Distance,6/8/20,2009,Shounen Anime,Exciting,24,TV Series,TV-14
Fullmetal Alchemist: Brotherhood: Part 2: Advance of the Fool,6/8/20,2009,Shounen Anime,Exciting,24,TV Series,TV-14
Fullmetal Alchemist: Brotherhood: Part 2: Father Before the Grave,6/8/20,2009,Shounen Anime,Exciting,24,TV Series,TV-14
Fullmetal Alchemist: Brotherhood: Part 2: Death of the Undying,6/8/20,2009,Shounen Anime,Exciting,24,TV Series,TV-14
Fullmetal Alchemist: Brotherhood: Part 2: The Arrogant Palm of a Small Human,6/8/20,2009,Shounen Anime,Exciting,24,TV Series,TV-14
Fullmetal Alchemist: Brotherhood: Part 2: Cold Flame,6/8/20,2009,Shounen Anime,Exciting,24,TV Series,TV-14
Fullmetal Alchemist: Brotherhood: Part 2: Footsteps of a Comrade-in-Arms,6/8/20,2009,Shounen Anime,Exciting,24,TV Series,TV-14
Fullmetal Alchemist: Brotherhood: Part 2: Envoy from the East,6/7/20,2009,Shounen Anime,Exciting,24,TV Series,TV-14
Fullmetal Alchemist: Brotherhood: Part 2: Those Who Lurk Underground,6/7/20,2009,Shounen Anime,Exciting,24,TV Series,TV-14
Fullmetal Alchemist: Brotherhood: Part 1: Beasts of Dublith,6/7/20,2009,Shounen Anime,Exciting,24,TV Series,TV-14
"Fullmetal Alchemist: Brotherhood: Part 1: One is All, All is One",6/7/20,2009,Shounen Anime,Exciting,24,TV Series,TV-14
Fullmetal Alchemist: Brotherhood: Part 1: Miracle at Rush Valley,6/7/20,2009,Shounen Anime,Exciting,24,TV Series,TV-14
Fullmetal Alchemist: Brotherhood: Part 1: Separate Destinations,6/7/20,2009,Shounen Anime,Exciting,24,TV Series,TV-14
Fullmetal Alchemist: Brotherhood: Part 1: Created Feelings,6/7/20,2009,Shounen Anime,Exciting,24,TV Series,TV-14
Fullmetal Alchemist: Brotherhood: Part 1: The Fifth Laboratory,6/7/20,2009,Shounen Anime,Exciting,24,TV Series,TV-14
Fullmetal Alchemist: Brotherhood: Part 1: Hidden Truths,6/7/20,2009,Shounen Anime,Exciting,24,TV Series,TV-14
Fullmetal Alchemist: Brotherhood: Part 1: Road of Hope,6/7/20,2009,Shounen Anime,Exciting,24,TV Series,TV-14
Fullmetal Alchemist: Brotherhood: Part 1: Rain of Sorrows,6/7/20,2009,Shounen Anime,Exciting,24,TV Series,TV-14
Fullmetal Alchemist: Brotherhood: Part 1: An Alchemist's Anguish,6/6/20,2009,Shounen Anime,Exciting,24,TV Series,TV-14
Fullmetal Alchemist: Brotherhood: Part 1: City of Heresy,6/6/20,2009,Shounen Anime,Exciting,24,TV Series,TV-14
Fullmetal Alchemist: Brotherhood: Part 1: The First Day,6/6/20,2009,Shounen Anime,Exciting,24,TV Series,TV-14
Fullmetal Alchemist: Brotherhood: Part 1: Fullmetal Alchemist,6/6/20,2009,Shounen Anime,Exciting,24,TV Series,TV-14
Sword Art Online: Sword Art Online II: Debriefing,6/2/20,2012,Shounen Anime,Exciting,23,TV Series,TV-MA
Sword Art Online: Sword Art Online II: Mother's Rosario,5/26/20,2012,Shounen Anime,Exciting,23,TV Series,TV-MA
Sword Art Online: Sword Art Online II: The Dream Begins,5/26/20,2012,Shounen Anime,Exciting,23,TV Series,TV-MA
Sword Art Online: Sword Art Online II: The End of the Journey,5/26/20,2012,Shounen Anime,Exciting,23,TV Series,TV-MA
Sword Art Online: Sword Art Online II: The Monument of the Swordsmen,5/25/20,2012,Shounen Anime,Exciting,23,TV Series,TV-MA
Sword Art Online: Sword Art Online II: Sleeping Knights,5/25/20,2012,Shounen Anime,Exciting,23,TV Series,TV-MA
Sword Art Online: Sword Art Online II: Zekken,5/25/20,2012,Shounen Anime,Exciting,23,TV Series,TV-MA
Sword Art Online: Sword Art Online II: House in the Forest,5/25/20,2012,Shounen Anime,Exciting,23,TV Series,TV-MA
Sword Art Online: Sword Art Online II: Excalibur,5/25/20,2012,Shounen Anime,Exciting,23,TV Series,TV-MA
Sword Art Online: Sword Art Online II: King of the Giants,5/25/20,2012,Shounen Anime,Exciting,23,TV Series,TV-MA
Sword Art Online: Sword Art Online II: Queen of the Lake,5/25/20,2012,Shounen Anime,Exciting,23,TV Series,TV-MA
Sword Art Online: Sword Art Online II: Crimson Memories,5/25/20,2012,Shounen Anime,Exciting,23,TV Series,TV-MA
Sword Art Online: Sword Art Online II: One Small Step,5/25/20,2012,Shounen Anime,Exciting,23,TV Series,TV-MA
Sword Art Online: Sword Art Online II: Phantom Bullet,5/24/20,2012,Shounen Anime,Exciting,23,TV Series,TV-MA
Sword Art Online: Sword Art Online II: Bullet of a Phantom,5/24/20,2012,Shounen Anime,Exciting,23,TV Series,TV-MA
Sword Art Online: Sword Art Online II: What It Means to Be Strong,5/23/20,2012,Shounen Anime,Exciting,23,TV Series,TV-MA
Sword Art Online: Sword Art Online II: Death Chaser,5/23/20,2012,Shounen Anime,Exciting,23,TV Series,TV-MA
Sword Art Online: Sword Art Online II: Death Gun,5/23/20,2012,Shounen Anime,Exciting,23,TV Series,TV-MA
Sword Art Online: Sword Art Online II: Bullet of Bullets,5/23/20,2012,Shounen Anime,Exciting,23,TV Series,TV-MA
Sword Art Online: Sword Art Online II: Showdown in the Wilderness,5/23/20,2012,Shounen Anime,Exciting,23,TV Series,TV-MA
Sword Art Online: Sword Art Online II: Guns and Swords,5/23/20,2012,Shounen Anime,Exciting,23,TV Series,TV-MA
Sword Art Online: Sword Art Online II: GGO,5/23/20,2012,Shounen Anime,Exciting,23,TV Series,TV-MA
Sword Art Online: Sword Art Online II: Memories of Fresh Blood,5/23/20,2012,Shounen Anime,Exciting,23,TV Series,TV-MA
Sword Art Online: Sword Art Online II: Cold-Hearted Sniper,5/23/20,2012,Shounen Anime,Exciting,23,TV Series,TV-MA
Sword Art Online: Sword Art Online II: The World of Guns,5/23/20,2012,Shounen Anime,Exciting,23,TV Series,TV-MA
Sword Art Online: The World Seed,5/23/20,2012,Shounen Anime,Exciting,23,TV Series,TV-MA
Sword Art Online: Gilded Hero,5/22/20,2012,Shounen Anime,Exciting,23,TV Series,TV-MA
Sword Art Online: Bonds,5/22/20,2012,Shounen Anime,Exciting,23,TV Series,TV-MA
Sword Art Online: The Grand Quest,5/22/20,2012,Shounen Anime,Exciting,23,TV Series,TV-MA
Sword Art Online: The Truth About Alfheim,5/21/20,2012,Shounen Anime,Exciting,23,TV Series,TV-MA
Sword Art Online: General of the Blazing Flame,5/21/20,2012,Shounen Anime,Exciting,23,TV Series,TV-MA
Sword Art Online: The Legrue Corridor,5/21/20,2012,Shounen Anime,Exciting,23,TV Series,TV-MA
Sword Art Online: To the World Tree,5/21/20,2012,Shounen Anime,Exciting,23,TV Series,TV-MA
Sword Art Online: Captive Queen,5/21/20,2012,Shounen Anime,Exciting,23,TV Series,TV-MA
Sword Art Online: Land of the Fairies,5/21/20,2012,Shounen Anime,Exciting,23,TV Series,TV-MA
Sword Art Online: Return,5/21/20,2012,Shounen Anime,Exciting,23,TV Series,TV-MA
Sword Art Online: The End of the World,5/21/20,2012,Shounen Anime,Exciting,23,TV Series,TV-MA
Sword Art Online: Edge of Hell's Abyss,5/21/20,2012,Shounen Anime,Exciting,23,TV Series,TV-MA
Sword Art Online: Yui's Heart,5/21/20,2012,Shounen Anime,Exciting,23,TV Series,TV-MA
Sword Art Online: The Girl of Morning Dew,5/21/20,2012,Shounen Anime,Exciting,23,TV Series,TV-MA
Sword Art Online: Crimson Killing Intent,5/21/20,2012,Shounen Anime,Exciting,23,TV Series,TV-MA
Sword Art Online: The Blue-Eyed Demon,5/21/20,2012,Shounen Anime,Exciting,23,TV Series,TV-MA
Sword Art Online: The Sword Dance of Black and White,5/21/20,2012,Shounen Anime,Exciting,23,TV Series,TV-MA
Sword Art Online: The Temperature of the Heart,5/21/20,2012,Shounen Anime,Exciting,23,TV Series,TV-MA
Sword Art Online: Illusionary Avenger,5/21/20,2012,Shounen Anime,Exciting,23,TV Series,TV-MA
Sword Art Online: Murder in the Safe Zone,5/21/20,2012,Shounen Anime,Exciting,23,TV Series,TV-MA
Sword Art Online: The Black Swordsman,5/21/20,2012,Shounen Anime,Exciting,23,TV Series,TV-MA
Sword Art Online: The Red-Nosed Reindeer,5/21/20,2012,Shounen Anime,Exciting,23,TV Series,TV-MA
Sword Art Online: Beater,5/20/20,2012,Shounen Anime,Exciting,23,TV Series,TV-MA
Sword Art Online: The World of Swords,5/20/20,2012,Shounen Anime,Exciting,23,TV Series,TV-MA
Hunter X Hunter (2011): Season 4: Ging's Friends x and x True Friends,5/20/20,2011,Shounen Anime,Exciting,23,TV Series,TV-14
Hunter X Hunter (2011): Season 4: Victor x and x Loser,4/10/20,2011,Shounen Anime,Exciting,23,TV Series,TV-14
Hunter X Hunter (2011): Season 4: Insanity x and x Sanity,4/10/20,2011,Shounen Anime,Exciting,23,TV Series,TV-14
Hunter X Hunter (2011): Season 4: Chase x and x Chance,4/10/20,2011,Shounen Anime,Exciting,23,TV Series,TV-14
Hunter X Hunter (2011): Season 4: Bargain x and x Deal,4/10/20,2011,Shounen Anime,Exciting,23,TV Series,TV-14
Hunter X Hunter (2011): Season 4: Guts x and x Courage,4/10/20,2011,Shounen Anime,Exciting,23,TV Series,TV-14
Hunter X Hunter (2011): Season 4: A x Heated x Showdown,4/10/20,2011,Shounen Anime,Exciting,23,TV Series,TV-14
Hunter X Hunter (2011): Season 4: Pirates x and x Guesses,4/9/20,2011,Shounen Anime,Exciting,23,TV Series,TV-14
Hunter X Hunter (2011): Season 4: 15 x 15,4/9/20,2011,Shounen Anime,Exciting,23,TV Series,TV-14
Hunter X Hunter (2011): Season 4: Strategy x and x Scheme,4/9/20,2011,Shounen Anime,Exciting,23,TV Series,TV-14
Hunter X Hunter (2011): Season 4: Evil Fist x and x Rock-Paper-Scissors,4/9/20,2011,Shounen Anime,Exciting,23,TV Series,TV-14
Hunter X Hunter (2011): Season 4: Strengthen x and x Threaten,4/9/20,2011,Shounen Anime,Exciting,23,TV Series,TV-14
Hunter X Hunter (2011): Season 4: A x Hard x Master?,4/9/20,2011,Shounen Anime,Exciting,23,TV Series,TV-14
Hunter X Hunter (2011): Season 4: Reality? x and x Raw,4/9/20,2011,Shounen Anime,Exciting,23,TV Series,TV-14
Hunter X Hunter (2011): Season 4: Invitation x and x Friend,4/9/20,2011,Shounen Anime,Exciting,23,TV Series,TV-14
Hunter X Hunter (2011): Season 4: End x and x Beginning,4/9/20,2011,Shounen Anime,Exciting,23,TV Series,TV-14
Hunter X Hunter (2011): Season 4: Bid x and x Haste,4/9/20,2011,Shounen Anime,Exciting,23,TV Series,TV-14
Hunter X Hunter (2011): Season 3: Signal x to x Retreat,4/9/20,2011,Shounen Anime,Exciting,23,TV Series,TV-14
Hunter X Hunter (2011): Season 3: Initiative x and x Law,4/9/20,2011,Shounen Anime,Exciting,23,TV Series,TV-14
Hunter X Hunter (2011): Season 3: Beloved x and x Beleaguered,4/9/20,2011,Shounen Anime,Exciting,23,TV Series,TV-14
Hunter X Hunter (2011): Season 3: Alies x and x Lies,4/9/20,2011,Shounen Anime,Exciting,23,TV Series,TV-14
Hunter X Hunter (2011): Season 3: Fortunes x Aren't x Right?,4/9/20,2011,Shounen Anime,Exciting,23,TV Series,TV-14
Hunter X Hunter (2011): Season 3: Fake x and x Psyche,4/9/20,2011,Shounen Anime,Exciting,23,TV Series,TV-14
Hunter X Hunter (2011): Season 3: Assault x and x Impact,4/9/20,2011,Shounen Anime,Exciting,23,TV Series,TV-14
Hunter X Hunter (2011): Season 3: A x Brutal x Battlefield,4/9/20,2011,Shounen Anime,Exciting,23,TV Series,TV-14
Hunter X Hunter (2011): Season 3: Ally x and x Sword,4/9/20,2011,Shounen Anime,Exciting,23,TV Series,TV-14
Hunter X Hunter (2011): Season 3: Pursuit x and x Analysis,4/8/20,2011,Shounen Anime,Exciting,23,TV Series,TV-14
Hunter X Hunter (2011): Season 3: Very x Sharp x Eye,4/8/20,2011,Shounen Anime,Exciting,23,TV Series,TV-14
Hunter X Hunter (2011): Season 3: Condition x and x Condition,4/8/20,2011,Shounen Anime,Exciting,23,TV Series,TV-14
Hunter X Hunter (2011): Season 3: Chasing x and x Waiting,4/8/20,2011,Shounen Anime,Exciting,23,TV Series,TV-14
Hunter X Hunter (2011): Season 3: Restraint x and x Vow,4/8/20,2011,Shounen Anime,Exciting,23,TV Series,TV-14
Hunter X Hunter (2011): Season 3: Buildup x to a x Fierce Battle,4/8/20,2011,Shounen Anime,Exciting,23,TV Series,TV-14
Hunter X Hunter (2011): Season 3: A x Shocking x Tragedy,4/8/20,2011,Shounen Anime,Exciting,23,TV Series,TV-14
Hunter X Hunter (2011): Season 3: Defend x and x Attack,4/8/20,2011,Shounen Anime,Exciting,23,TV Series,TV-14
Hunter X Hunter (2011): Season 3: Gathering x of x Heroes,4/8/20,2011,Shounen Anime,Exciting,23,TV Series,TV-14
Hunter X Hunter (2011): Season 3: Nen x Users x Unite?,4/8/20,2011,Shounen Anime,Exciting,23,TV Series,TV-14
Hunter X Hunter (2011): Season 3: Wish x and x Promise,4/8/20,2011,Shounen Anime,Exciting,23,TV Series,TV-14
Hunter X Hunter (2011): Season 2: Reply x from x Dad,4/8/20,2011,Shounen Anime,Exciting,23,TV Series,TV-14
Hunter X Hunter (2011): Season 2: Ging x and x Gon,4/8/20,2011,Shounen Anime,Exciting,23,TV Series,TV-14
Hunter X Hunter (2011): Season 2: A Big Debt x and x a Small Kick,4/8/20,2011,Shounen Anime,Exciting,23,TV Series,TV-14
Hunter X Hunter (2011): Season 2: The x True x Pass,4/7/20,2011,Shounen Anime,Exciting,23,TV Series,TV-14
Hunter X Hunter (2011): Season 2: Power x to x Avenge,4/7/20,2011,Shounen Anime,Exciting,23,TV Series,TV-14
Hunter X Hunter (2011): Season 2: An x Empty x Threat,4/7/20,2011,Shounen Anime,Exciting,23,TV Series,TV-14
Hunter X Hunter (2011): Season 2: A x Surprising x Win,4/7/20,2011,Shounen Anime,Exciting,23,TV Series,TV-14
Hunter X Hunter (2011): Season 2: Destiny x and x Tenacity,4/7/20,2011,Shounen Anime,Exciting,23,TV Series,TV-14
Hunter X Hunter (2011): Season 2: Fierce x and x Ferocious,4/7/20,2011,Shounen Anime,Exciting,23,TV Series,TV-14
Hunter X Hunter (2011): Season 2: Awakening x and x Potential,4/7/20,2011,Shounen Anime,Exciting,23,TV Series,TV-14
Hunter X Hunter (2011): Season 2: Nen x and x Nen,4/7/20,2011,Shounen Anime,Exciting,23,TV Series,TV-14
Hunter X Hunter (2011): Season 2: Arrival x at x the Arena,4/7/20,2011,Shounen Anime,Exciting,23,TV Series,TV-14
Hunter X Hunter (2011): Season 1: Then x and x After,4/7/20,2011,Shounen Anime,Exciting,23,TV Series,TV-14
Hunter X Hunter (2011): Season 1: Can't See x if x You're Blind,4/7/20,2011,Shounen Anime,Exciting,23,TV Series,TV-14
Hunter X Hunter (2011): Season 1: The x Zoldyck x Family,4/7/20,2011,Shounen Anime,Exciting,23,TV Series,TV-14
Hunter X Hunter (2011): Season 1: The x Guard's x Duty,4/7/20,2011,Shounen Anime,Exciting,23,TV Series,TV-14
Hunter X Hunter (2011): Season 1: A x Dangerous x Watchdog,4/7/20,2011,Shounen Anime,Exciting,23,TV Series,TV-14
Avatar: The Last Airbender: Book 2: The Swamp,4/7/20,2005,TV Cartoons,Exciting,23,TV Series,TV-Y7
Avatar: The Last Airbender: Book 2: Return to Omashu,4/6/20,2005,TV Cartoons,Exciting,23,TV Series,TV-Y7
Avatar: The Last Airbender: Book 2: The Cave of Two Lovers,4/5/20,2005,TV Cartoons,Exciting,23,TV Series,TV-Y7
Avatar: The Last Airbender: Book 2: The Avatar State,4/5/20,2005,TV Cartoons,Exciting,23,TV Series,TV-Y7
Avatar: The Last Airbender: Book 1: The Siege of the North: Part 2,4/4/20,2005,TV Cartoons,Exciting,23,TV Series,TV-Y7
Avatar: The Last Airbender: Book 1: The Siege of the North: Part 1,4/4/20,2005,TV Cartoons,Exciting,23,TV Series,TV-Y7
Avatar: The Last Airbender: Book 1: The Waterbending Master,4/4/20,2005,TV Cartoons,Exciting,23,TV Series,TV-Y7
Avatar: The Last Airbender: Book 1: Bato of the Water Tribe,4/2/20,2005,TV Cartoons,Exciting,23,TV Series,TV-Y7
Avatar: The Last Airbender: Book 1: Imprisoned,3/31/20,2005,TV Cartoons,Exciting,23,TV Series,TV-Y7
Avatar: The Last Airbender: Book 1: The King of Omashu,2/12/20,2005,TV Cartoons,Exciting,23,TV Series,TV-Y7
Avatar: The Last Airbender: Book 1: The Warriors of Kyoshi,2/12/20,2005,TV Cartoons,Exciting,23,TV Series,TV-Y7
Avatar: The Last Airbender: Book 1: The Southern Air Temple,2/11/20,2005,TV Cartoons,Exciting,23,TV Series,TV-Y7
Avatar: The Last Airbender: Book 1: The Avatar Returns,2/11/20,2005,TV Cartoons,Exciting,23,TV Series,TV-Y7
"The Mind, Explained: Season 1: Psychedelics",2/10/20,2019,Social & Cultural Docs,Investigative,19,Docuseries,TV-14
"The Mind, Explained: Season 1: Anxiety",9/27/19,2019,Social & Cultural Docs,Investigative,19,Docuseries,TV-14
"The Mind, Explained: Season 1: Memory",9/27/19,2019,Social & Cultural Docs,Investigative,19,Docuseries,TV-14
Stranger Things: Stranger Things 3: Chapter Seven: The Bite,9/15/19,2016,Sci-Fi,Ominous,50,TV Series,TV-14
Stranger Things: Stranger Things 3: Chapter Six: E Pluribus Unum,7/31/19,2016,Sci-Fi,Ominous,50,TV Series,TV-14
"Stranger Things: Stranger Things 3: Chapter One: Suzie, Do You Copy?",7/31/19,2016,Sci-Fi,Ominous,50,TV Series,TV-14
Stranger Things: Stranger Things 3: Chapter Four: The Sauna Test,7/21/19,2016,Sci-Fi,Ominous,50,TV Series,TV-14
Stranger Things: Stranger Things 3: Chapter Three: The Case of the Missing Lifeguard,7/13/19,2016,Sci-Fi,Ominous,50,TV Series,TV-14
Stranger Things: Stranger Things 3: Chapter Two: The Mall Rats,7/13/19,2016,Sci-Fi,Ominous,50,TV Series,TV-14
Stranger Things: Stranger Things 3: Chapter Eight: The Battle of Starcourt,7/11/19,2016,Sci-Fi,Ominous,50,TV Series,TV-14
Stranger Things: Stranger Things 3: Chapter Five: The Flayed,7/7/19,2016,Sci-Fi,Ominous,50,TV Series,TV-14
Riverdale: Season 2: Chapter Thirty-Five: Brave New World,9/17/18,2017,Mystery,Dark,40,TV Series,TV-14
Riverdale: Season 2: Chapter Thirty-Four: Judgment Night,8/12/18,2017,Mystery,Dark,40,TV Series,TV-14
Riverdale: Season 2: Chapter Thirty-Three: Shadow of a Doubt,8/11/18,2017,Mystery,Dark,40,TV Series,TV-14
Riverdale: Season 2: Chapter Thirty-Two: Prisoners,8/11/18,2017,Mystery,Dark,40,TV Series,TV-14
Riverdale: Season 2: Chapter Thirty-One: A Night to Remember,8/11/18,2017,Mystery,Dark,40,TV Series,TV-14
Riverdale: Season 2: Chapter Thirty: The Noose Tightens,8/11/18,2017,Mystery,Dark,40,TV Series,TV-14
Riverdale: Season 2: Chapter Twenty-Nine: Primary Colors,8/11/18,2017,Mystery,Dark,40,TV Series,TV-14
Riverdale: Season 2: Chapter Twenty-Eight: There Will Be Blood,8/11/18,2017,Mystery,Dark,40,TV Series,TV-14
Riverdale: Season 2: Chapter Twenty-Seven: The Hills Have Eyes,8/11/18,2017,Mystery,Dark,40,TV Series,TV-14
Riverdale: Season 2: Chapter Twenty-Six: The Tell-Tale Heart,8/11/18,2017,Mystery,Dark,40,TV Series,TV-14
Riverdale: Season 2: Chapter Twenty-Five: The Wicked and the Divine,8/10/18,2017,Mystery,Dark,40,TV Series,TV-14
Riverdale: Season 2: Chapter Twenty-Four: The Wrestler,8/9/18,2017,Mystery,Dark,40,TV Series,TV-14
Riverdale: Season 1: Chapter Three: Body Double,8/9/18,2017,Mystery,Dark,40,TV Series,TV-14
Stranger Things: Stranger Things 2: Chapter Nine: The Gate,8/6/18,2016,Sci-Fi,Ominous,45,TV Series,TV-14
Stranger Things: Stranger Things 2: Chapter Eight: The Mind Flayer,11/29/17,2016,Sci-Fi,Ominous,45,TV Series,TV-14
Stranger Things: Stranger Things 2: Chapter Seven: The Lost Sister,11/29/17,2016,Sci-Fi,Ominous,45,TV Series,TV-14
Stranger Things: Stranger Things 2: Chapter Six: The Spy,11/28/17,2016,Sci-Fi,Ominous,45,TV Series,TV-14
Stranger Things: Stranger Things 2: Chapter Five: Dig Dug,11/28/17,2016,Sci-Fi,Ominous,45,TV Series,TV-14
Stranger Things: Stranger Things 2: Chapter Four: Will the Wise,11/27/17,2016,Sci-Fi,Ominous,45,TV Series,TV-14
Stranger Things: Stranger Things 2: Chapter Three: The Pollywog,11/25/17,2016,Sci-Fi,Ominous,45,TV Series,TV-14
"Stranger Things: Stranger Things 2: Chapter Two: Trick or Treat, Freak",11/25/17,2016,Sci-Fi,Ominous,45,TV Series,TV-14
Stranger Things: Stranger Things 2: Chapter One: MADMAX,11/23/17,2016,Sci-Fi,Ominous,45,TV Series,TV-14
Stranger Things: Chapter Eight: The Upside Down,11/23/17,2016,Sci-Fi,Ominous,45,TV Series,TV-14
Stranger Things: Chapter Seven: The Bathtub,11/22/17,2016,Sci-Fi,Ominous,45,TV Series,TV-14
Stranger Things: Chapter Six: The Monster,11/22/17,2016,Sci-Fi,Ominous,45,TV Series,TV-14
Stranger Things: Chapter Five: The Flea and the Acrobat,11/22/17,2016,Sci-Fi,Ominous,45,TV Series,TV-14
Stranger Things: Chapter Four: The Body,11/22/17,2016,Sci-Fi,Ominous,45,TV Series,TV-14
"Stranger Things: Chapter Three: Holly, Jolly",11/21/17,2016,Sci-Fi,Ominous,45,TV Series,TV-14
Stranger Things: Chapter Two: The Weirdo on Maple Street,11/21/17,2016,Sci-Fi,Ominous,45,TV Series,TV-14