Title,Date Viewed,Year Released,Genres,Keywords,Duration,Type,Maturity Rating,Weekday
Hunter X Hunter (2011),4/18/22,2011,Shounen Anime,Exciting,23,TV Series,TV-14,Monday
Hunter X Hunter (2011),4/18/22,2011,Shounen Anime,Exciting,23,TV Series,TV-14,Monday
Hunter X Hunter (2011),4/17/22,2011,Shounen Anime,Exciting,23,TV Series,TV-14,Sunday
Hunter X Hunter (2011),4/17/22,2011,Shounen Anime,Exciting,23,TV Series,TV-14,Sunday
Hunter X Hunter (2011),4/17/22,2011,Shounen Anime,Exciting,23,TV Series,TV-14,Sunday
Hunter X Hunter (2011),4/16/22,2011,Shounen Anime,Exciting,23,TV Series,TV-14,Saturday
Hunter X Hunter (2011),4/16/22,2011,Shounen Anime,Exciting,23,TV Series,TV-14,Saturday
Hunter X Hunter (2011),4/16/22,2011,Shounen Anime,Exciting,23,TV Series,TV-14,Saturday
Hunter X Hunter (2011),4/16/22,2011,Shounen Anime,Exciting,23,TV Series,TV-14,Saturday
Hunter X Hunter (2011),4/16/22,2011,Shounen Anime,Exciting,23,TV Series,TV-14,Saturday
Hunter X Hunter (2011),4/16/22,2011,Shounen Anime,Exciting,23,TV Series,TV-14,Saturday
Hunter X Hunter (2011),4/15/22,2011,Shounen Anime,Exciting,23,TV Series,TV-14,Friday
Hunter X Hunter (2011),4/13/22,2011,Shounen Anime,Exciting,23,TV Series,TV-14,Wednesday
Hunter X Hunter (2011),4/13/22,2011,Shounen Anime,Exciting,23,TV Series,TV-14,Wednesday
Hunter X Hunter (2011),4/12/22,2011,Shounen Anime,Exciting,23,TV Series,TV-14,Tuesday
Hunter X Hunter (2011),4/9/22,2011,Shounen Anime,Exciting,23,TV Series,TV-14,Saturday
Hunter X Hunter (2011),4/9/22,2011,Shounen Anime,Exciting,23,TV Series,TV-14,Saturday
Hunter X Hunter (2011),4/9/22,2011,Shounen Anime,Exciting,23,TV Series,TV-14,Saturday
Hunter X Hunter (2011),4/5/22,2011,Shounen Anime,Exciting,23,TV Series,TV-14,Tuesday
Hunter X Hunter (2011),4/5/22,2011,Shounen Anime,Exciting,23,TV Series,TV-14,Tuesday
Hunter X Hunter (2011),4/4/22,2011,Shounen Anime,Exciting,23,TV Series,TV-14,Monday
The Legend of Korra,12/17/21,2012,TV Cartoons,Exciting,23,TV Series,TV-Y7,Friday
The Legend of Korra,12/16/21,2012,TV Cartoons,Exciting,24,TV Series,TV-Y7,Thursday
The Legend of Korra,12/15/21,2012,TV Cartoons,Exciting,23,TV Series,TV-Y7,Wednesday
Squid Game,10/13/21,2021,Korean,Suspenseful,60,TV Series,TV-MA,Wednesday
Squid Game,10/13/21,2021,Korean,Suspenseful,63,TV Series,TV-MA,Wednesday
Squid Game,10/12/21,2021,Korean,Suspenseful,54,TV Series,TV-MA,Tuesday
Avatar: The Last Airbender,9/15/21,2005,TV Cartoons,Exciting,23,TV Series,TV-Y7,Wednesday
Avatar: The Last Airbender,9/15/21,2005,TV Cartoons,Exciting,23,TV Series,TV-Y7,Wednesday
Avatar: The Last Airbender,9/15/21,2005,TV Cartoons,Exciting,23,TV Series,TV-Y7,Wednesday
Avatar: The Last Airbender,8/14/21,2005,TV Cartoons,Exciting,23,TV Series,TV-Y7,Saturday
Headspace Guide to Meditation,8/12/21,2021,Science & Nature Docs,Informative,23,Docuseries,TV-G,Thursday
Initial D,7/7/21,2005,Action & Adventure,Exciting,108,Movie,TV-14,Wednesday
The Garden of Words,7/7/21,2013,Romance Anime,Intimate,46,Movie,TV-14,Wednesday
One-Punch Man,6/20/21,2015,Anime Series,Deadpan,24,TV Series,TV-14,Sunday
One-Punch Man,6/20/21,2015,Anime Series,Deadpan,24,TV Series,TV-14,Sunday
One-Punch Man,6/20/21,2015,Anime Series,Deadpan,24,TV Series,TV-14,Sunday
One-Punch Man,6/20/21,2015,Anime Series,Deadpan,24,TV Series,TV-14,Sunday
One-Punch Man,6/20/21,2015,Anime Series,Deadpan,24,TV Series,TV-14,Sunday
One-Punch Man,6/20/21,2015,Anime Series,Deadpan,24,TV Series,TV-14,Sunday
One-Punch Man,6/19/21,2015,Anime Series,Deadpan,24,TV Series,TV-14,Saturday
One-Punch Man,6/19/21,2015,Anime Series,Deadpan,24,TV Series,TV-14,Saturday
One-Punch Man,6/19/21,2015,Anime Series,Deadpan,24,TV Series,TV-14,Saturday
One-Punch Man,6/19/21,2015,Anime Series,Deadpan,24,TV Series,TV-14,Saturday
One-Punch Man,6/19/21,2015,Anime Series,Deadpan,24,TV Series,TV-14,Saturday
One-Punch Man,6/18/21,2015,Anime Series,Deadpan,24,TV Series,TV-14,Friday
Kuroko's Basketball,5/24/21,2015,Sports Anime,Exciting,24,TV Series,TV-MA,Monday
Kuroko's Basketball,5/24/21,2015,Sports Anime,Exciting,24,TV Series,TV-MA,Monday
Kuroko's Basketball,5/24/21,2015,Sports Anime,Exciting,24,TV Series,TV-MA,Monday
Kuroko's Basketball,5/24/21,2015,Sports Anime,Exciting,24,TV Series,TV-MA,Monday
Kuroko's Basketball,5/24/21,2015,Sports Anime,Exciting,24,TV Series,TV-MA,Monday
Kuroko's Basketball,5/24/21,2015,Sports Anime,Exciting,24,TV Series,TV-MA,Monday
Kuroko's Basketball,5/20/21,2015,Sports Anime,Exciting,24,TV Series,TV-MA,Thursday
Kuroko's Basketball,5/20/21,2015,Sports Anime,Exciting,24,TV Series,TV-MA,Thursday
Kuroko's Basketball,5/20/21,2015,Sports Anime,Exciting,24,TV Series,TV-MA,Thursday
Kuroko's Basketball,5/18/21,2015,Sports Anime,Exciting,24,TV Series,TV-MA,Tuesday
Kuroko's Basketball,5/18/21,2015,Sports Anime,Exciting,24,TV Series,TV-MA,Tuesday
Kuroko's Basketball,5/18/21,2015,Sports Anime,Exciting,24,TV Series,TV-MA,Tuesday
Kuroko's Basketball,5/18/21,2015,Sports Anime,Exciting,24,TV Series,TV-MA,Tuesday
Kuroko's Basketball,5/18/21,2015,Sports Anime,Exciting,24,TV Series,TV-MA,Tuesday
Kuroko's Basketball,5/18/21,2015,Sports Anime,Exciting,24,TV Series,TV-MA,Tuesday
Kuroko's Basketball,5/18/21,2015,Sports Anime,Exciting,24,TV Series,TV-MA,Tuesday
Kuroko's Basketball,5/17/21,2015,Sports Anime,Exciting,24,TV Series,TV-MA,Monday
Kuroko's Basketball,5/17/21,2015,Sports Anime,Exciting,24,TV Series,TV-MA,Monday
Kuroko's Basketball,5/17/21,2015,Sports Anime,Exciting,24,TV Series,TV-MA,Monday
Kuroko's Basketball,5/17/21,2015,Sports Anime,Exciting,24,TV Series,TV-MA,Monday
Kuroko's Basketball,5/15/21,2015,Sports Anime,Exciting,24,TV Series,TV-MA,Saturday
Kuroko's Basketball,5/15/21,2015,Sports Anime,Exciting,24,TV Series,TV-MA,Saturday
Kuroko's Basketball,5/15/21,2015,Sports Anime,Exciting,24,TV Series,TV-MA,Saturday
Kuroko's Basketball,5/15/21,2015,Sports Anime,Exciting,24,TV Series,TV-MA,Saturday
Kuroko's Basketball,5/15/21,2015,Sports Anime,Exciting,24,TV Series,TV-MA,Saturday
Kuroko's Basketball,5/15/21,2015,Sports Anime,Exciting,24,TV Series,TV-MA,Saturday
Yasuke,5/14/21,2021,Action Anime,Suspenseful,30,TV Series,TV-MA,Friday
Kuroko's Basketball,5/3/21,2015,Sports Anime,Exciting,24,TV Series,TV-MA,Monday
Kuroko's Basketball,4/20/21,2015,Sports Anime,Exciting,24,TV Series,TV-MA,Tuesday
Kuroko's Basketball,4/20/21,2015,Sports Anime,Exciting,24,TV Series,TV-MA,Tuesday
Kuroko's Basketball,4/20/21,2015,Sports Anime,Exciting,24,TV Series,TV-MA,Tuesday
Kuroko's Basketball,4/19/21,2015,Sports Anime,Exciting,24,TV Series,TV-MA,Monday
Kuroko's Basketball,4/19/21,2015,Sports Anime,Exciting,24,TV Series,TV-MA,Monday
Kuroko's Basketball,4/19/21,2015,Sports Anime,Exciting,24,TV Series,TV-MA,Monday
Kuroko's Basketball,4/19/21,2015,Sports Anime,Exciting,24,TV Series,TV-MA,Monday
Kuroko's Basketball,4/19/21,2015,Sports Anime,Exciting,24,TV Series,TV-MA,Monday
Kuroko's Basketball,4/19/21,2015,Sports Anime,Exciting,24,TV Series,TV-MA,Monday
The Way of the Househusband,4/19/21,2015,Sports Anime,Exciting,24,TV Series,TV-MA,Monday
Kuroko's Basketball,4/19/21,2015,Sports Anime,Exciting,24,TV Series,TV-MA,Monday
Kuroko's Basketball,4/19/21,2015,Sports Anime,Exciting,24,TV Series,TV-MA,Monday
Kuroko's Basketball,4/18/21,2015,Sports Anime,Exciting,24,TV Series,TV-MA,Sunday
Kuroko's Basketball,4/18/21,2015,Sports Anime,Exciting,24,TV Series,TV-MA,Sunday
Kuroko's Basketball,4/18/21,2015,Sports Anime,Exciting,24,TV Series,TV-MA,Sunday
Kuroko's Basketball,4/18/21,2015,Sports Anime,Exciting,24,TV Series,TV-MA,Sunday
Kuroko's Basketball,4/18/21,2015,Sports Anime,Exciting,24,TV Series,TV-MA,Sunday
Kuroko's Basketball,4/18/21,2015,Sports Anime,Exciting,24,TV Series,TV-MA,Sunday
Kuroko's Basketball,4/16/21,2015,Sports Anime,Exciting,24,TV Series,TV-MA,Friday
Kuroko's Basketball,4/15/21,2015,Sports Anime,Exciting,24,TV Series,TV-MA,Thursday
Kuroko's Basketball,4/15/21,2015,Sports Anime,Exciting,24,TV Series,TV-MA,Thursday
Kuroko's Basketball,4/15/21,2015,Sports Anime,Exciting,24,TV Series,TV-MA,Thursday
Kuroko's Basketball,4/15/21,2015,Sports Anime,Exciting,24,TV Series,TV-MA,Thursday
Kuroko's Basketball,4/15/21,2015,Sports Anime,Exciting,24,TV Series,TV-MA,Thursday
Kuroko's Basketball,4/14/21,2015,Sports Anime,Exciting,24,TV Series,TV-MA,Wednesday
Kuroko's Basketball,4/14/21,2015,Sports Anime,Exciting,24,TV Series,TV-MA,Wednesday
Have a Good Trip,4/13/21,2020,Social & Cultural Docs,Offbeat,86,Documentary,TV-MA,Tuesday
Kakegurui,4/4/21,2019,Mystery & Thriller Anime,Exciting,24,TV Series,TV-14,Sunday
Kakegurui,4/3/21,2019,Mystery & Thriller Anime,Exciting,24,TV Series,TV-14,Saturday
Kakegurui,3/31/21,2019,Mystery & Thriller Anime,Exciting,24,TV Series,TV-14,Wednesday
Kakegurui,3/30/21,2019,Mystery & Thriller Anime,Exciting,24,TV Series,TV-14,Tuesday
Kakegurui,3/30/21,2019,Mystery & Thriller Anime,Exciting,24,TV Series,TV-14,Tuesday
Kakegurui,3/30/21,2019,Mystery & Thriller Anime,Exciting,24,TV Series,TV-14,Tuesday
Kakegurui,3/30/21,2019,Mystery & Thriller Anime,Exciting,24,TV Series,TV-14,Tuesday
Kakegurui,3/29/21,2019,Mystery & Thriller Anime,Exciting,24,TV Series,TV-14,Monday
Kakegurui,3/24/21,2019,Mystery & Thriller Anime,Exciting,24,TV Series,TV-14,Wednesday
Kakegurui,3/23/21,2019,Mystery & Thriller Anime,Exciting,24,TV Series,TV-14,Tuesday
Kakegurui,3/23/21,2019,Mystery & Thriller Anime,Exciting,24,TV Series,TV-14,Tuesday
Kakegurui,3/23/21,2019,Mystery & Thriller Anime,Exciting,24,TV Series,TV-14,Tuesday
Kakegurui,3/22/21,2019,Mystery & Thriller Anime,Exciting,24,TV Series,TV-14,Monday
Kakegurui,3/20/21,2019,Mystery & Thriller Anime,Exciting,24,TV Series,TV-14,Saturday
Kakegurui,3/20/21,2019,Mystery & Thriller Anime,Exciting,24,TV Series,TV-14,Saturday
Kakegurui,3/20/21,2019,Mystery & Thriller Anime,Exciting,24,TV Series,TV-14,Saturday
Kakegurui,3/20/21,2019,Mystery & Thriller Anime,Exciting,24,TV Series,TV-14,Saturday
Kakegurui,3/20/21,2019,Mystery & Thriller Anime,Exciting,24,TV Series,TV-14,Saturday
Kakegurui,3/19/21,2019,Mystery & Thriller Anime,Exciting,24,TV Series,TV-14,Friday
Kakegurui,3/19/21,2019,Mystery & Thriller Anime,Exciting,24,TV Series,TV-14,Friday
Kakegurui,3/19/21,2019,Mystery & Thriller Anime,Exciting,24,TV Series,TV-14,Friday
Kakegurui,3/15/21,2019,Mystery & Thriller Anime,Exciting,24,TV Series,TV-14,Monday
Kakegurui,3/15/21,2019,Mystery & Thriller Anime,Exciting,24,TV Series,TV-14,Monday
Kakegurui,3/15/21,2019,Mystery & Thriller Anime,Exciting,24,TV Series,TV-14,Monday
A Silent Voice,3/15/21,2016,Shounen Anime,Emotional,129,Movie,TV-14,Monday
Headspace Guide to Meditation,3/4/21,2021,Science & Nature Docs,Informative,21,Docuseries,TV-G,Thursday
The Creative Brain,3/4/21,2019,Social & Cultural Docs,Informative,52,Documentary,TV-14,Thursday
Explained,3/3/21,2019,Social & Cultural Docs,Investigative,23,Docuseries,TV-MA,Wednesday
"The Mind, Explained",3/3/21,2019,Social & Cultural Docs,Investigative,19,Docuseries,TV-14,Wednesday
Fate/stay night,2/22/21,2015,Action Anime,Exciting,24,TV Series,TV-14,Monday
Fate/stay night,2/12/21,2015,Action Anime,Exciting,24,TV Series,TV-14,Friday
Fate/stay night,2/12/21,2015,Action Anime,Exciting,24,TV Series,TV-14,Friday
Fate/stay night,2/12/21,2015,Action Anime,Exciting,24,TV Series,TV-14,Friday
Fate/stay night,2/12/21,2015,Action Anime,Exciting,24,TV Series,TV-14,Friday
Fate/stay night,2/12/21,2015,Action Anime,Exciting,24,TV Series,TV-14,Friday
Fate/stay night,2/12/21,2015,Action Anime,Exciting,24,TV Series,TV-14,Friday
Fate/stay night,2/12/21,2015,Action Anime,Exciting,24,TV Series,TV-14,Friday
Fate/stay night,2/12/21,2015,Action Anime,Exciting,24,TV Series,TV-14,Friday
Fate/stay night,2/9/21,2015,Action Anime,Exciting,24,TV Series,TV-14,Tuesday
Fate/stay night,2/9/21,2015,Action Anime,Exciting,24,TV Series,TV-14,Tuesday
Fate/stay night,2/9/21,2015,Action Anime,Exciting,24,TV Series,TV-14,Tuesday
Fate/stay night,2/8/21,2015,Action Anime,Exciting,24,TV Series,TV-14,Monday
Fate/stay night,2/8/21,2015,Action Anime,Exciting,24,TV Series,TV-14,Monday
Fate/stay night,2/8/21,2015,Action Anime,Exciting,24,TV Series,TV-14,Monday
Fate/stay night,2/8/21,2015,Action Anime,Exciting,24,TV Series,TV-14,Monday
Fate/stay night,2/8/21,2015,Action Anime,Exciting,24,TV Series,TV-14,Monday
Fate/stay night,2/7/21,2015,Action Anime,Exciting,24,TV Series,TV-14,Sunday
Fate/stay night,2/7/21,2015,Action Anime,Exciting,24,TV Series,TV-14,Sunday
Fate/stay night,2/7/21,2015,Action Anime,Exciting,24,TV Series,TV-14,Sunday
Fate/stay night,2/6/21,2015,Action Anime,Exciting,24,TV Series,TV-14,Saturday
Fate/stay night,2/6/21,2015,Action Anime,Exciting,24,TV Series,TV-14,Saturday
Fate/stay night,2/5/21,2015,Action Anime,Exciting,24,TV Series,TV-14,Friday
Fate/stay night,2/5/21,2015,Action Anime,Exciting,24,TV Series,TV-14,Friday
Fate/stay night,2/5/21,2015,Action Anime,Exciting,24,TV Series,TV-14,Friday
Fate/stay night,2/4/21,2015,Action Anime,Exciting,24,TV Series,TV-14,Thursday
Attack on Titan,2/4/21,2013,Anime Series,Dark,25,TV Series,TV-MA,Thursday
Attack on Titan,1/6/21,2013,Anime Series,Dark,25,TV Series,TV-MA,Wednesday
Attack on Titan,1/6/21,2013,Anime Series,Dark,25,TV Series,TV-MA,Wednesday
Attack on Titan,1/6/21,2013,Anime Series,Dark,25,TV Series,TV-MA,Wednesday
Attack on Titan,1/6/21,2013,Anime Series,Dark,25,TV Series,TV-MA,Wednesday
Attack on Titan,1/6/21,2013,Anime Series,Dark,25,TV Series,TV-MA,Wednesday
Attack on Titan,1/6/21,2013,Anime Series,Dark,25,TV Series,TV-MA,Wednesday
Attack on Titan,1/6/21,2013,Anime Series,Dark,25,TV Series,TV-MA,Wednesday
Attack on Titan,1/6/21,2013,Anime Series,Dark,25,TV Series,TV-MA,Wednesday
Attack on Titan,1/6/21,2013,Anime Series,Dark,25,TV Series,TV-MA,Wednesday
Attack on Titan,1/6/21,2013,Anime Series,Dark,25,TV Series,TV-MA,Wednesday
Attack on Titan,1/6/21,2013,Anime Series,Dark,25,TV Series,TV-MA,Wednesday
Attack on Titan,1/6/21,2013,Anime Series,Dark,25,TV Series,TV-MA,Wednesday
Attack on Titan,1/5/21,2013,Anime Series,Dark,25,TV Series,TV-MA,Tuesday
Attack on Titan,1/5/21,2013,Anime Series,Dark,25,TV Series,TV-MA,Tuesday
Attack on Titan,1/5/21,2013,Anime Series,Dark,25,TV Series,TV-MA,Tuesday
Attack on Titan,1/5/21,2013,Anime Series,Dark,25,TV Series,TV-MA,Tuesday
Attack on Titan,1/4/21,2013,Anime Series,Dark,25,TV Series,TV-MA,Monday
Attack on Titan,1/4/21,2013,Anime Series,Dark,25,TV Series,TV-MA,Monday
Attack on Titan,1/4/21,2013,Anime Series,Dark,25,TV Series,TV-MA,Monday
Attack on Titan,1/4/21,2013,Anime Series,Dark,25,TV Series,TV-MA,Monday
Attack on Titan,1/4/21,2013,Anime Series,Dark,25,TV Series,TV-MA,Monday
Attack on Titan,1/4/21,2013,Anime Series,Dark,25,TV Series,TV-MA,Monday
Attack on Titan,1/4/21,2013,Anime Series,Dark,25,TV Series,TV-MA,Monday
Attack on Titan,1/3/21,2013,Anime Series,Dark,25,TV Series,TV-MA,Sunday
"The Mind, Explained",1/3/21,2019,Social & Cultural Docs,Investigative,19,Docuseries,TV-14,Sunday
Great Pretender,11/7/20,2020,Crime Anime,Exciting,23,TV Series,TV-MA,Saturday
Great Pretender,10/31/20,2020,Crime Anime,Exciting,23,TV Series,TV-MA,Saturday
Great Pretender,10/29/20,2020,Crime Anime,Exciting,23,TV Series,TV-MA,Thursday
Great Pretender,10/29/20,2020,Crime Anime,Exciting,23,TV Series,TV-MA,Thursday
Great Pretender,10/29/20,2020,Crime Anime,Exciting,23,TV Series,TV-MA,Thursday
Great Pretender,10/29/20,2020,Crime Anime,Exciting,23,TV Series,TV-MA,Thursday
Great Pretender,10/29/20,2020,Crime Anime,Exciting,23,TV Series,TV-MA,Thursday
Great Pretender,10/29/20,2020,Crime Anime,Exciting,23,TV Series,TV-MA,Thursday
Great Pretender,10/29/20,2020,Crime Anime,Exciting,23,TV Series,TV-MA,Thursday
Great Pretender,10/28/20,2020,Crime Anime,Exciting,23,TV Series,TV-MA,Wednesday
Great Pretender,10/28/20,2020,Crime Anime,Exciting,23,TV Series,TV-MA,Wednesday
Great Pretender,10/28/20,2020,Crime Anime,Exciting,23,TV Series,TV-MA,Wednesday
Great Pretender,10/27/20,2020,Crime Anime,Exciting,23,TV Series,TV-MA,Tuesday
Great Pretender,10/27/20,2020,Crime Anime,Exciting,23,TV Series,TV-MA,Tuesday
Anohana,10/26/20,2011,Romance Anime,Emotional,22,TV Series,TV-14,Monday
Anohana,10/25/20,2011,Romance Anime,Emotional,22,TV Series,TV-14,Sunday
Anohana,10/25/20,2011,Romance Anime,Emotional,22,TV Series,TV-14,Sunday
Anohana,10/25/20,2011,Romance Anime,Emotional,22,TV Series,TV-14,Sunday
Anohana,10/25/20,2011,Romance Anime,Emotional,22,TV Series,TV-14,Sunday
Anohana,10/25/20,2011,Romance Anime,Emotional,22,TV Series,TV-14,Sunday
Anohana,10/25/20,2011,Romance Anime,Emotional,22,TV Series,TV-14,Sunday
Anohana,10/25/20,2011,Romance Anime,Emotional,22,TV Series,TV-14,Sunday
Anohana,10/25/20,2011,Romance Anime,Emotional,22,TV Series,TV-14,Sunday
Anohana,10/24/20,2011,Romance Anime,Emotional,22,TV Series,TV-14,Saturday
Anohana,10/24/20,2011,Romance Anime,Emotional,22,TV Series,TV-14,Saturday
Avatar: The Last Airbender,10/24/20,2005,TV Cartoons,Exciting,23,TV Series,TV-Y7,Saturday
Erased,10/23/20,2016,Mystery & Thriller Anime,Suspenseful,22,TV Series,TV-14,Friday
Erased,10/21/20,2016,Mystery & Thriller Anime,Suspenseful,22,TV Series,TV-14,Wednesday
Erased,10/21/20,2016,Mystery & Thriller Anime,Suspenseful,22,TV Series,TV-14,Wednesday
Erased,10/21/20,2016,Mystery & Thriller Anime,Suspenseful,22,TV Series,TV-14,Wednesday
Erased,10/21/20,2016,Mystery & Thriller Anime,Suspenseful,22,TV Series,TV-14,Wednesday
Erased,10/21/20,2016,Mystery & Thriller Anime,Suspenseful,22,TV Series,TV-14,Wednesday
Erased,10/20/20,2016,Mystery & Thriller Anime,Suspenseful,22,TV Series,TV-14,Tuesday
Erased,10/20/20,2016,Mystery & Thriller Anime,Suspenseful,22,TV Series,TV-14,Tuesday
Erased,10/20/20,2016,Mystery & Thriller Anime,Suspenseful,22,TV Series,TV-14,Tuesday
Erased,10/20/20,2016,Mystery & Thriller Anime,Suspenseful,22,TV Series,TV-14,Tuesday
Erased,10/20/20,2016,Mystery & Thriller Anime,Suspenseful,22,TV Series,TV-14,Tuesday
Erased,10/20/20,2016,Mystery & Thriller Anime,Suspenseful,22,TV Series,TV-14,Tuesday
The Alpinist,10/19/20,2020,Sports Movie,Inspiring,92,Movie,PG-13,Monday
Avatar: The Last Airbender,10/9/20,2005,TV Cartoons,Exciting,23,TV Series,TV-Y7,Friday
Avatar: The Last Airbender,10/9/20,2005,TV Cartoons,Exciting,23,TV Series,TV-Y7,Friday
CLANNAD,9/27/20,2008,Romance Anime,Emotional,24,TV Series,TV-14,Sunday
CLANNAD,9/25/20,2008,Romance Anime,Emotional,24,TV Series,TV-14,Friday
CLANNAD,9/25/20,2008,Romance Anime,Emotional,24,TV Series,TV-14,Friday
CLANNAD,9/24/20,2008,Romance Anime,Emotional,24,TV Series,TV-14,Thursday
CLANNAD,9/24/20,2008,Romance Anime,Emotional,24,TV Series,TV-14,Thursday
CLANNAD,9/24/20,2008,Romance Anime,Emotional,24,TV Series,TV-14,Thursday
CLANNAD,9/24/20,2008,Romance Anime,Emotional,24,TV Series,TV-14,Thursday
CLANNAD,9/24/20,2008,Romance Anime,Emotional,24,TV Series,TV-14,Thursday
CLANNAD,9/23/20,2008,Romance Anime,Emotional,24,TV Series,TV-14,Wednesday
CLANNAD,9/23/20,2008,Romance Anime,Emotional,24,TV Series,TV-14,Wednesday
CLANNAD,9/23/20,2008,Romance Anime,Emotional,24,TV Series,TV-14,Wednesday
CLANNAD,9/20/20,2008,Romance Anime,Emotional,24,TV Series,TV-14,Sunday
CLANNAD,9/20/20,2008,Romance Anime,Emotional,24,TV Series,TV-14,Sunday
CLANNAD,9/20/20,2008,Romance Anime,Emotional,24,TV Series,TV-14,Sunday
CLANNAD,9/19/20,2008,Romance Anime,Emotional,24,TV Series,TV-14,Saturday
CLANNAD,9/18/20,2008,Romance Anime,Emotional,24,TV Series,TV-14,Friday
CLANNAD,9/18/20,2008,Romance Anime,Emotional,24,TV Series,TV-14,Friday
CLANNAD,9/17/20,2008,Romance Anime,Emotional,24,TV Series,TV-14,Thursday
CLANNAD,9/11/20,2008,Romance Anime,Emotional,24,TV Series,TV-14,Friday
CLANNAD,9/10/20,2008,Romance Anime,Emotional,24,TV Series,TV-14,Thursday
CLANNAD,9/10/20,2008,Romance Anime,Emotional,24,TV Series,TV-14,Thursday
CLANNAD,9/10/20,2008,Romance Anime,Emotional,24,TV Series,TV-14,Thursday
CLANNAD,9/10/20,2008,Romance Anime,Emotional,24,TV Series,TV-14,Thursday
CLANNAD,9/9/20,2008,Romance Anime,Emotional,24,TV Series,TV-14,Wednesday
The Irregular at Magic High School,9/8/20,2014,Anime Series,Exciting,23,TV Series,TV-14,Tuesday
The Irregular at Magic High School,9/8/20,2014,Anime Series,Exciting,23,TV Series,TV-14,Tuesday
The Irregular at Magic High School,9/7/20,2014,Anime Series,Exciting,23,TV Series,TV-14,Monday
The Irregular at Magic High School,9/7/20,2014,Anime Series,Exciting,23,TV Series,TV-14,Monday
The Irregular at Magic High School,9/7/20,2014,Anime Series,Exciting,23,TV Series,TV-14,Monday
The Irregular at Magic High School,9/7/20,2014,Anime Series,Exciting,23,TV Series,TV-14,Monday
The Irregular at Magic High School,9/7/20,2014,Anime Series,Exciting,23,TV Series,TV-14,Monday
The Irregular at Magic High School,9/3/20,2014,Anime Series,Exciting,23,TV Series,TV-14,Thursday
The Irregular at Magic High School,9/2/20,2014,Anime Series,Exciting,23,TV Series,TV-14,Wednesday
The Irregular at Magic High School,9/1/20,2014,Anime Series,Exciting,23,TV Series,TV-14,Tuesday
The Irregular at Magic High School,9/1/20,2014,Anime Series,Exciting,23,TV Series,TV-14,Tuesday
The Irregular at Magic High School,9/1/20,2014,Anime Series,Exciting,23,TV Series,TV-14,Tuesday
The Irregular at Magic High School,9/1/20,2014,Anime Series,Exciting,23,TV Series,TV-14,Tuesday
The Irregular at Magic High School,9/1/20,2014,Anime Series,Exciting,23,TV Series,TV-14,Tuesday
The Irregular at Magic High School,9/1/20,2014,Anime Series,Exciting,23,TV Series,TV-14,Tuesday
The Irregular at Magic High School,8/31/20,2014,Anime Series,Exciting,23,TV Series,TV-14,Monday
The Irregular at Magic High School,8/31/20,2014,Anime Series,Exciting,23,TV Series,TV-14,Monday
The Irregular at Magic High School,8/30/20,2014,Anime Series,Exciting,23,TV Series,TV-14,Sunday
The Irregular at Magic High School,8/30/20,2014,Anime Series,Exciting,23,TV Series,TV-14,Sunday
The Irregular at Magic High School,8/30/20,2014,Anime Series,Exciting,23,TV Series,TV-14,Sunday
The Irregular at Magic High School,8/30/20,2014,Anime Series,Exciting,23,TV Series,TV-14,Sunday
The Irregular at Magic High School,8/30/20,2014,Anime Series,Exciting,23,TV Series,TV-14,Sunday
The Irregular at Magic High School,8/30/20,2014,Anime Series,Exciting,23,TV Series,TV-14,Sunday
The Irregular at Magic High School,8/30/20,2014,Anime Series,Exciting,23,TV Series,TV-14,Sunday
The Irregular at Magic High School,8/29/20,2014,Anime Series,Exciting,23,TV Series,TV-14,Saturday
The Irregular at Magic High School,8/29/20,2014,Anime Series,Exciting,23,TV Series,TV-14,Saturday
A Whisker Away,8/29/20,2020,Drama Anime,Calming,105,Movie,TV-PG,Saturday
Princess Mononoke,8/15/20,1999,Action Anime,Suspenseful,133,Movie,PG-13,Saturday
Toradora!,8/13/20,2008,Romance Anime,Swoonworthy,23,TV Series,TV-14,Thursday
Toradora!,8/7/20,2008,Romance Anime,Swoonworthy,23,TV Series,TV-14,Friday
Toradora!,8/7/20,2008,Romance Anime,Swoonworthy,23,TV Series,TV-14,Friday
Toradora!,8/7/20,2008,Romance Anime,Swoonworthy,23,TV Series,TV-14,Friday
Toradora!,8/7/20,2008,Romance Anime,Swoonworthy,23,TV Series,TV-14,Friday
Toradora!,8/7/20,2008,Romance Anime,Swoonworthy,23,TV Series,TV-14,Friday
Toradora!,8/7/20,2008,Romance Anime,Swoonworthy,23,TV Series,TV-14,Friday
Toradora!,8/7/20,2008,Romance Anime,Swoonworthy,23,TV Series,TV-14,Friday
Toradora!,8/7/20,2008,Romance Anime,Swoonworthy,23,TV Series,TV-14,Friday
Toradora!,8/5/20,2008,Romance Anime,Swoonworthy,23,TV Series,TV-14,Wednesday
Toradora!,8/5/20,2008,Romance Anime,Swoonworthy,23,TV Series,TV-14,Wednesday
Toradora!,8/5/20,2008,Romance Anime,Swoonworthy,23,TV Series,TV-14,Wednesday
Toradora!,8/4/20,2008,Romance Anime,Swoonworthy,23,TV Series,TV-14,Tuesday
Toradora!,8/4/20,2008,Romance Anime,Swoonworthy,23,TV Series,TV-14,Tuesday
Toradora!,8/2/20,2008,Romance Anime,Swoonworthy,23,TV Series,TV-14,Sunday
Toradora!,8/2/20,2008,Romance Anime,Swoonworthy,23,TV Series,TV-14,Sunday
Toradora!,8/2/20,2008,Romance Anime,Swoonworthy,23,TV Series,TV-14,Sunday
Toradora!,8/2/20,2008,Romance Anime,Swoonworthy,23,TV Series,TV-14,Sunday
Toradora!,8/2/20,2008,Romance Anime,Swoonworthy,23,TV Series,TV-14,Sunday
Toradora!,8/2/20,2008,Romance Anime,Swoonworthy,23,TV Series,TV-14,Sunday
Toradora!,8/2/20,2008,Romance Anime,Swoonworthy,23,TV Series,TV-14,Sunday
Akame ga Kill!,8/1/20,2014,Mystery & Thriller Anime,Dark,23,TV Series,TV-14,Saturday
Akame ga Kill!,7/23/20,2014,Mystery & Thriller Anime,Dark,23,TV Series,TV-14,Thursday
Akame ga Kill!,7/23/20,2014,Mystery & Thriller Anime,Dark,23,TV Series,TV-14,Thursday
Akame ga Kill!,7/23/20,2014,Mystery & Thriller Anime,Dark,23,TV Series,TV-14,Thursday
Akame ga Kill!,7/23/20,2014,Mystery & Thriller Anime,Dark,23,TV Series,TV-14,Thursday
Akame ga Kill!,7/23/20,2014,Mystery & Thriller Anime,Dark,23,TV Series,TV-14,Thursday
Akame ga Kill!,7/23/20,2014,Mystery & Thriller Anime,Dark,23,TV Series,TV-14,Thursday
Akame ga Kill!,7/23/20,2014,Mystery & Thriller Anime,Dark,23,TV Series,TV-14,Thursday
Akame ga Kill!,7/23/20,2014,Mystery & Thriller Anime,Dark,23,TV Series,TV-14,Thursday
Akame ga Kill!,7/23/20,2014,Mystery & Thriller Anime,Dark,23,TV Series,TV-14,Thursday
Akame ga Kill!,7/23/20,2014,Mystery & Thriller Anime,Dark,23,TV Series,TV-14,Thursday
Akame ga Kill!,7/23/20,2014,Mystery & Thriller Anime,Dark,23,TV Series,TV-14,Thursday
Akame ga Kill!,7/22/20,2014,Mystery & Thriller Anime,Dark,23,TV Series,TV-14,Wednesday
Akame ga Kill!,7/22/20,2014,Mystery & Thriller Anime,Dark,23,TV Series,TV-14,Wednesday
Akame ga Kill!,7/21/20,2014,Mystery & Thriller Anime,Dark,23,TV Series,TV-14,Tuesday
Akame ga Kill!,7/21/20,2014,Mystery & Thriller Anime,Dark,23,TV Series,TV-14,Tuesday
Akame ga Kill!,7/21/20,2014,Mystery & Thriller Anime,Dark,23,TV Series,TV-14,Tuesday
Akame ga Kill!,7/21/20,2014,Mystery & Thriller Anime,Dark,23,TV Series,TV-14,Tuesday
Akame ga Kill!,7/21/20,2014,Mystery & Thriller Anime,Dark,23,TV Series,TV-14,Tuesday
Akame ga Kill!,7/21/20,2014,Mystery & Thriller Anime,Dark,23,TV Series,TV-14,Tuesday
Akame ga Kill!,7/21/20,2014,Mystery & Thriller Anime,Dark,23,TV Series,TV-14,Tuesday
Akame ga Kill!,7/21/20,2014,Mystery & Thriller Anime,Dark,23,TV Series,TV-14,Tuesday
Akame ga Kill!,7/21/20,2014,Mystery & Thriller Anime,Dark,23,TV Series,TV-14,Tuesday
Akame ga Kill!,7/21/20,2014,Mystery & Thriller Anime,Dark,23,TV Series,TV-14,Tuesday
Fullmetal Alchemist,7/21/20,2009,Shounen Anime,Exciting,24,TV Series,TV-14,Tuesday
Fullmetal Alchemist,6/15/20,2009,Shounen Anime,Exciting,24,TV Series,TV-14,Monday
Fullmetal Alchemist,6/15/20,2009,Shounen Anime,Exciting,24,TV Series,TV-14,Monday
Fullmetal Alchemist,6/15/20,2009,Shounen Anime,Exciting,24,TV Series,TV-14,Monday
Fullmetal Alchemist,6/15/20,2009,Shounen Anime,Exciting,24,TV Series,TV-14,Monday
Fullmetal Alchemist,6/15/20,2009,Shounen Anime,Exciting,24,TV Series,TV-14,Monday
Fullmetal Alchemist,6/15/20,2009,Shounen Anime,Exciting,24,TV Series,TV-14,Monday
Fullmetal Alchemist,6/15/20,2009,Shounen Anime,Exciting,24,TV Series,TV-14,Monday
Fullmetal Alchemist,6/15/20,2009,Shounen Anime,Exciting,24,TV Series,TV-14,Monday
Fullmetal Alchemist,6/15/20,2009,Shounen Anime,Exciting,24,TV Series,TV-14,Monday
Fullmetal Alchemist,6/14/20,2009,Shounen Anime,Exciting,24,TV Series,TV-14,Sunday
Fullmetal Alchemist,6/14/20,2009,Shounen Anime,Exciting,24,TV Series,TV-14,Sunday
Fullmetal Alchemist,6/13/20,2009,Shounen Anime,Exciting,24,TV Series,TV-14,Saturday
Fullmetal Alchemist,6/13/20,2009,Shounen Anime,Exciting,24,TV Series,TV-14,Saturday
Fullmetal Alchemist,6/13/20,2009,Shounen Anime,Exciting,24,TV Series,TV-14,Saturday
Fullmetal Alchemist,6/13/20,2009,Shounen Anime,Exciting,24,TV Series,TV-14,Saturday
Fullmetal Alchemist,6/13/20,2009,Shounen Anime,Exciting,24,TV Series,TV-14,Saturday
Fullmetal Alchemist,6/13/20,2009,Shounen Anime,Exciting,24,TV Series,TV-14,Saturday
Fullmetal Alchemist,6/13/20,2009,Shounen Anime,Exciting,24,TV Series,TV-14,Saturday
Fullmetal Alchemist,6/12/20,2009,Shounen Anime,Exciting,24,TV Series,TV-14,Friday
Fullmetal Alchemist,6/12/20,2009,Shounen Anime,Exciting,24,TV Series,TV-14,Friday
Fullmetal Alchemist,6/12/20,2009,Shounen Anime,Exciting,24,TV Series,TV-14,Friday
Fullmetal Alchemist,6/12/20,2009,Shounen Anime,Exciting,24,TV Series,TV-14,Friday
Fullmetal Alchemist,6/12/20,2009,Shounen Anime,Exciting,24,TV Series,TV-14,Friday
Fullmetal Alchemist,6/11/20,2009,Shounen Anime,Exciting,24,TV Series,TV-14,Thursday
Fullmetal Alchemist,6/11/20,2009,Shounen Anime,Exciting,24,TV Series,TV-14,Thursday
Fullmetal Alchemist,6/11/20,2009,Shounen Anime,Exciting,24,TV Series,TV-14,Thursday
Fullmetal Alchemist,6/11/20,2009,Shounen Anime,Exciting,24,TV Series,TV-14,Thursday
Fullmetal Alchemist,6/11/20,2009,Shounen Anime,Exciting,24,TV Series,TV-14,Thursday
Fullmetal Alchemist,6/11/20,2009,Shounen Anime,Exciting,24,TV Series,TV-14,Thursday
Fullmetal Alchemist,6/11/20,2009,Shounen Anime,Exciting,24,TV Series,TV-14,Thursday
Fullmetal Alchemist,6/11/20,2009,Shounen Anime,Exciting,24,TV Series,TV-14,Thursday
Fullmetal Alchemist,6/10/20,2009,Shounen Anime,Exciting,24,TV Series,TV-14,Wednesday
Fullmetal Alchemist,6/10/20,2009,Shounen Anime,Exciting,24,TV Series,TV-14,Wednesday
Fullmetal Alchemist,6/10/20,2009,Shounen Anime,Exciting,24,TV Series,TV-14,Wednesday
Fullmetal Alchemist,6/10/20,2009,Shounen Anime,Exciting,24,TV Series,TV-14,Wednesday
Fullmetal Alchemist,6/10/20,2009,Shounen Anime,Exciting,24,TV Series,TV-14,Wednesday
Fullmetal Alchemist,6/10/20,2009,Shounen Anime,Exciting,24,TV Series,TV-14,Wednesday
Fullmetal Alchemist,6/10/20,2009,Shounen Anime,Exciting,24,TV Series,TV-14,Wednesday
Fullmetal Alchemist,6/8/20,2009,Shounen Anime,Exciting,24,TV Series,TV-14,Monday
Fullmetal Alchemist,6/8/20,2009,Shounen Anime,Exciting,24,TV Series,TV-14,Monday
Fullmetal Alchemist,6/8/20,2009,Shounen Anime,Exciting,24,TV Series,TV-14,Monday
Fullmetal Alchemist,6/8/20,2009,Shounen Anime,Exciting,24,TV Series,TV-14,Monday
Fullmetal Alchemist,6/8/20,2009,Shounen Anime,Exciting,24,TV Series,TV-14,Monday
Fullmetal Alchemist,6/8/20,2009,Shounen Anime,Exciting,24,TV Series,TV-14,Monday
Fullmetal Alchemist,6/8/20,2009,Shounen Anime,Exciting,24,TV Series,TV-14,Monday
Fullmetal Alchemist,6/8/20,2009,Shounen Anime,Exciting,24,TV Series,TV-14,Monday
Fullmetal Alchemist,6/8/20,2009,Shounen Anime,Exciting,24,TV Series,TV-14,Monday
Fullmetal Alchemist,6/8/20,2009,Shounen Anime,Exciting,24,TV Series,TV-14,Monday
Fullmetal Alchemist,6/7/20,2009,Shounen Anime,Exciting,24,TV Series,TV-14,Sunday
Fullmetal Alchemist,6/7/20,2009,Shounen Anime,Exciting,24,TV Series,TV-14,Sunday
Fullmetal Alchemist,6/7/20,2009,Shounen Anime,Exciting,24,TV Series,TV-14,Sunday
Fullmetal Alchemist,6/7/20,2009,Shounen Anime,Exciting,24,TV Series,TV-14,Sunday
Fullmetal Alchemist,6/7/20,2009,Shounen Anime,Exciting,24,TV Series,TV-14,Sunday
Fullmetal Alchemist,6/7/20,2009,Shounen Anime,Exciting,24,TV Series,TV-14,Sunday
Fullmetal Alchemist,6/7/20,2009,Shounen Anime,Exciting,24,TV Series,TV-14,Sunday
Fullmetal Alchemist,6/7/20,2009,Shounen Anime,Exciting,24,TV Series,TV-14,Sunday
Fullmetal Alchemist,6/7/20,2009,Shounen Anime,Exciting,24,TV Series,TV-14,Sunday
Fullmetal Alchemist,6/7/20,2009,Shounen Anime,Exciting,24,TV Series,TV-14,Sunday
Fullmetal Alchemist,6/7/20,2009,Shounen Anime,Exciting,24,TV Series,TV-14,Sunday
Fullmetal Alchemist,6/6/20,2009,Shounen Anime,Exciting,24,TV Series,TV-14,Saturday
Fullmetal Alchemist,6/6/20,2009,Shounen Anime,Exciting,24,TV Series,TV-14,Saturday
Fullmetal Alchemist,6/6/20,2009,Shounen Anime,Exciting,24,TV Series,TV-14,Saturday
Fullmetal Alchemist,6/6/20,2009,Shounen Anime,Exciting,24,TV Series,TV-14,Saturday
Sword Art Online,6/2/20,2012,Shounen Anime,Exciting,23,TV Series,TV-MA,Tuesday
Sword Art Online,5/26/20,2012,Shounen Anime,Exciting,23,TV Series,TV-MA,Tuesday
Sword Art Online,5/26/20,2012,Shounen Anime,Exciting,23,TV Series,TV-MA,Tuesday
Sword Art Online,5/26/20,2012,Shounen Anime,Exciting,23,TV Series,TV-MA,Tuesday
Sword Art Online,5/25/20,2012,Shounen Anime,Exciting,23,TV Series,TV-MA,Monday
Sword Art Online,5/25/20,2012,Shounen Anime,Exciting,23,TV Series,TV-MA,Monday
Sword Art Online,5/25/20,2012,Shounen Anime,Exciting,23,TV Series,TV-MA,Monday
Sword Art Online,5/25/20,2012,Shounen Anime,Exciting,23,TV Series,TV-MA,Monday
Sword Art Online,5/25/20,2012,Shounen Anime,Exciting,23,TV Series,TV-MA,Monday
Sword Art Online,5/25/20,2012,Shounen Anime,Exciting,23,TV Series,TV-MA,Monday
Sword Art Online,5/25/20,2012,Shounen Anime,Exciting,23,TV Series,TV-MA,Monday
Sword Art Online,5/25/20,2012,Shounen Anime,Exciting,23,TV Series,TV-MA,Monday
Sword Art Online,5/25/20,2012,Shounen Anime,Exciting,23,TV Series,TV-MA,Monday
Sword Art Online,5/24/20,2012,Shounen Anime,Exciting,23,TV Series,TV-MA,Sunday
Sword Art Online,5/24/20,2012,Shounen Anime,Exciting,23,TV Series,TV-MA,Sunday
Sword Art Online,5/23/20,2012,Shounen Anime,Exciting,23,TV Series,TV-MA,Saturday
Sword Art Online,5/23/20,2012,Shounen Anime,Exciting,23,TV Series,TV-MA,Saturday
Sword Art Online,5/23/20,2012,Shounen Anime,Exciting,23,TV Series,TV-MA,Saturday
Sword Art Online,5/23/20,2012,Shounen Anime,Exciting,23,TV Series,TV-MA,Saturday
Sword Art Online,5/23/20,2012,Shounen Anime,Exciting,23,TV Series,TV-MA,Saturday
Sword Art Online,5/23/20,2012,Shounen Anime,Exciting,23,TV Series,TV-MA,Saturday
Sword Art Online,5/23/20,2012,Shounen Anime,Exciting,23,TV Series,TV-MA,Saturday
Sword Art Online,5/23/20,2012,Shounen Anime,Exciting,23,TV Series,TV-MA,Saturday
Sword Art Online,5/23/20,2012,Shounen Anime,Exciting,23,TV Series,TV-MA,Saturday
Sword Art Online,5/23/20,2012,Shounen Anime,Exciting,23,TV Series,TV-MA,Saturday
Sword Art Online,5/23/20,2012,Shounen Anime,Exciting,23,TV Series,TV-MA,Saturday
Sword Art Online,5/22/20,2012,Shounen Anime,Exciting,23,TV Series,TV-MA,Friday
Sword Art Online,5/22/20,2012,Shounen Anime,Exciting,23,TV Series,TV-MA,Friday
Sword Art Online,5/22/20,2012,Shounen Anime,Exciting,23,TV Series,TV-MA,Friday
Sword Art Online,5/21/20,2012,Shounen Anime,Exciting,23,TV Series,TV-MA,Thursday
Sword Art Online,5/21/20,2012,Shounen Anime,Exciting,23,TV Series,TV-MA,Thursday
Sword Art Online,5/21/20,2012,Shounen Anime,Exciting,23,TV Series,TV-MA,Thursday
Sword Art Online,5/21/20,2012,Shounen Anime,Exciting,23,TV Series,TV-MA,Thursday
Sword Art Online,5/21/20,2012,Shounen Anime,Exciting,23,TV Series,TV-MA,Thursday
Sword Art Online,5/21/20,2012,Shounen Anime,Exciting,23,TV Series,TV-MA,Thursday
Sword Art Online,5/21/20,2012,Shounen Anime,Exciting,23,TV Series,TV-MA,Thursday
Sword Art Online,5/21/20,2012,Shounen Anime,Exciting,23,TV Series,TV-MA,Thursday
Sword Art Online,5/21/20,2012,Shounen Anime,Exciting,23,TV Series,TV-MA,Thursday
Sword Art Online,5/21/20,2012,Shounen Anime,Exciting,23,TV Series,TV-MA,Thursday
Sword Art Online,5/21/20,2012,Shounen Anime,Exciting,23,TV Series,TV-MA,Thursday
Sword Art Online,5/21/20,2012,Shounen Anime,Exciting,23,TV Series,TV-MA,Thursday
Sword Art Online,5/21/20,2012,Shounen Anime,Exciting,23,TV Series,TV-MA,Thursday
Sword Art Online,5/21/20,2012,Shounen Anime,Exciting,23,TV Series,TV-MA,Thursday
Sword Art Online,5/21/20,2012,Shounen Anime,Exciting,23,TV Series,TV-MA,Thursday
Sword Art Online,5/21/20,2012,Shounen Anime,Exciting,23,TV Series,TV-MA,Thursday
Sword Art Online,5/21/20,2012,Shounen Anime,Exciting,23,TV Series,TV-MA,Thursday
Sword Art Online,5/21/20,2012,Shounen Anime,Exciting,23,TV Series,TV-MA,Thursday
Sword Art Online,5/21/20,2012,Shounen Anime,Exciting,23,TV Series,TV-MA,Thursday
Sword Art Online,5/20/20,2012,Shounen Anime,Exciting,23,TV Series,TV-MA,Wednesday
Sword Art Online,5/20/20,2012,Shounen Anime,Exciting,23,TV Series,TV-MA,Wednesday
Hunter X Hunter (2011),5/20/20,2011,Shounen Anime,Exciting,23,TV Series,TV-14,Wednesday
Hunter X Hunter (2011),4/10/20,2011,Shounen Anime,Exciting,23,TV Series,TV-14,Friday
Hunter X Hunter (2011),4/10/20,2011,Shounen Anime,Exciting,23,TV Series,TV-14,Friday
Hunter X Hunter (2011),4/10/20,2011,Shounen Anime,Exciting,23,TV Series,TV-14,Friday
Hunter X Hunter (2011),4/10/20,2011,Shounen Anime,Exciting,23,TV Series,TV-14,Friday
Hunter X Hunter (2011),4/10/20,2011,Shounen Anime,Exciting,23,TV Series,TV-14,Friday
Hunter X Hunter (2011),4/10/20,2011,Shounen Anime,Exciting,23,TV Series,TV-14,Friday
Hunter X Hunter (2011),4/9/20,2011,Shounen Anime,Exciting,23,TV Series,TV-14,Thursday
Hunter X Hunter (2011),4/9/20,2011,Shounen Anime,Exciting,23,TV Series,TV-14,Thursday
Hunter X Hunter (2011),4/9/20,2011,Shounen Anime,Exciting,23,TV Series,TV-14,Thursday
Hunter X Hunter (2011),4/9/20,2011,Shounen Anime,Exciting,23,TV Series,TV-14,Thursday
Hunter X Hunter (2011),4/9/20,2011,Shounen Anime,Exciting,23,TV Series,TV-14,Thursday
Hunter X Hunter (2011),4/9/20,2011,Shounen Anime,Exciting,23,TV Series,TV-14,Thursday
Hunter X Hunter (2011),4/9/20,2011,Shounen Anime,Exciting,23,TV Series,TV-14,Thursday
Hunter X Hunter (2011),4/9/20,2011,Shounen Anime,Exciting,23,TV Series,TV-14,Thursday
Hunter X Hunter (2011),4/9/20,2011,Shounen Anime,Exciting,23,TV Series,TV-14,Thursday
Hunter X Hunter (2011),4/9/20,2011,Shounen Anime,Exciting,23,TV Series,TV-14,Thursday
Hunter X Hunter (2011),4/9/20,2011,Shounen Anime,Exciting,23,TV Series,TV-14,Thursday
Hunter X Hunter (2011),4/9/20,2011,Shounen Anime,Exciting,23,TV Series,TV-14,Thursday
Hunter X Hunter (2011),4/9/20,2011,Shounen Anime,Exciting,23,TV Series,TV-14,Thursday
Hunter X Hunter (2011),4/9/20,2011,Shounen Anime,Exciting,23,TV Series,TV-14,Thursday
Hunter X Hunter (2011),4/9/20,2011,Shounen Anime,Exciting,23,TV Series,TV-14,Thursday
Hunter X Hunter (2011),4/9/20,2011,Shounen Anime,Exciting,23,TV Series,TV-14,Thursday
Hunter X Hunter (2011),4/9/20,2011,Shounen Anime,Exciting,23,TV Series,TV-14,Thursday
Hunter X Hunter (2011),4/9/20,2011,Shounen Anime,Exciting,23,TV Series,TV-14,Thursday
Hunter X Hunter (2011),4/9/20,2011,Shounen Anime,Exciting,23,TV Series,TV-14,Thursday
Hunter X Hunter (2011),4/8/20,2011,Shounen Anime,Exciting,23,TV Series,TV-14,Wednesday
Hunter X Hunter (2011),4/8/20,2011,Shounen Anime,Exciting,23,TV Series,TV-14,Wednesday
Hunter X Hunter (2011),4/8/20,2011,Shounen Anime,Exciting,23,TV Series,TV-14,Wednesday
Hunter X Hunter (2011),4/8/20,2011,Shounen Anime,Exciting,23,TV Series,TV-14,Wednesday
Hunter X Hunter (2011),4/8/20,2011,Shounen Anime,Exciting,23,TV Series,TV-14,Wednesday
Hunter X Hunter (2011),4/8/20,2011,Shounen Anime,Exciting,23,TV Series,TV-14,Wednesday
Hunter X Hunter (2011),4/8/20,2011,Shounen Anime,Exciting,23,TV Series,TV-14,Wednesday
Hunter X Hunter (2011),4/8/20,2011,Shounen Anime,Exciting,23,TV Series,TV-14,Wednesday
Hunter X Hunter (2011),4/8/20,2011,Shounen Anime,Exciting,23,TV Series,TV-14,Wednesday
Hunter X Hunter (2011),4/8/20,2011,Shounen Anime,Exciting,23,TV Series,TV-14,Wednesday
Hunter X Hunter (2011),4/8/20,2011,Shounen Anime,Exciting,23,TV Series,TV-14,Wednesday
Hunter X Hunter (2011),4/8/20,2011,Shounen Anime,Exciting,23,TV Series,TV-14,Wednesday
Hunter X Hunter (2011),4/8/20,2011,Shounen Anime,Exciting,23,TV Series,TV-14,Wednesday
Hunter X Hunter (2011),4/8/20,2011,Shounen Anime,Exciting,23,TV Series,TV-14,Wednesday
Hunter X Hunter (2011),4/7/20,2011,Shounen Anime,Exciting,23,TV Series,TV-14,Tuesday
Hunter X Hunter (2011),4/7/20,2011,Shounen Anime,Exciting,23,TV Series,TV-14,Tuesday
Hunter X Hunter (2011),4/7/20,2011,Shounen Anime,Exciting,23,TV Series,TV-14,Tuesday
Hunter X Hunter (2011),4/7/20,2011,Shounen Anime,Exciting,23,TV Series,TV-14,Tuesday
Hunter X Hunter (2011),4/7/20,2011,Shounen Anime,Exciting,23,TV Series,TV-14,Tuesday
Hunter X Hunter (2011),4/7/20,2011,Shounen Anime,Exciting,23,TV Series,TV-14,Tuesday
Hunter X Hunter (2011),4/7/20,2011,Shounen Anime,Exciting,23,TV Series,TV-14,Tuesday
Hunter X Hunter (2011),4/7/20,2011,Shounen Anime,Exciting,23,TV Series,TV-14,Tuesday
Hunter X Hunter (2011),4/7/20,2011,Shounen Anime,Exciting,23,TV Series,TV-14,Tuesday
Hunter X Hunter (2011),4/7/20,2011,Shounen Anime,Exciting,23,TV Series,TV-14,Tuesday
Hunter X Hunter (2011),4/7/20,2011,Shounen Anime,Exciting,23,TV Series,TV-14,Tuesday
Hunter X Hunter (2011),4/7/20,2011,Shounen Anime,Exciting,23,TV Series,TV-14,Tuesday
Hunter X Hunter (2011),4/7/20,2011,Shounen Anime,Exciting,23,TV Series,TV-14,Tuesday
Hunter X Hunter (2011),4/7/20,2011,Shounen Anime,Exciting,23,TV Series,TV-14,Tuesday
Avatar: The Last Airbender,4/7/20,2005,TV Cartoons,Exciting,23,TV Series,TV-Y7,Tuesday
Avatar: The Last Airbender,4/6/20,2005,TV Cartoons,Exciting,23,TV Series,TV-Y7,Monday
Avatar: The Last Airbender,4/5/20,2005,TV Cartoons,Exciting,23,TV Series,TV-Y7,Sunday
Avatar: The Last Airbender,4/5/20,2005,TV Cartoons,Exciting,23,TV Series,TV-Y7,Sunday
Avatar: The Last Airbender,4/4/20,2005,TV Cartoons,Exciting,23,TV Series,TV-Y7,Saturday
Avatar: The Last Airbender,4/4/20,2005,TV Cartoons,Exciting,23,TV Series,TV-Y7,Saturday
Avatar: The Last Airbender,4/4/20,2005,TV Cartoons,Exciting,23,TV Series,TV-Y7,Saturday
Avatar: The Last Airbender,4/2/20,2005,TV Cartoons,Exciting,23,TV Series,TV-Y7,Thursday
Avatar: The Last Airbender,3/31/20,2005,TV Cartoons,Exciting,23,TV Series,TV-Y7,Tuesday
Avatar: The Last Airbender,2/12/20,2005,TV Cartoons,Exciting,23,TV Series,TV-Y7,Wednesday
Avatar: The Last Airbender,2/12/20,2005,TV Cartoons,Exciting,23,TV Series,TV-Y7,Wednesday
Avatar: The Last Airbender,2/11/20,2005,TV Cartoons,Exciting,23,TV Series,TV-Y7,Tuesday
Avatar: The Last Airbender,2/11/20,2005,TV Cartoons,Exciting,23,TV Series,TV-Y7,Tuesday
"The Mind, Explained",2/10/20,2019,Social & Cultural Docs,Investigative,19,Docuseries,TV-14,Monday
"The Mind, Explained",9/27/19,2019,Social & Cultural Docs,Investigative,19,Docuseries,TV-14,Friday
"The Mind, Explained",9/27/19,2019,Social & Cultural Docs,Investigative,19,Docuseries,TV-14,Friday
Stranger Things,9/15/19,2016,Sci-Fi,Ominous,50,TV Series,TV-14,Sunday
Stranger Things,7/31/19,2016,Sci-Fi,Ominous,50,TV Series,TV-14,Wednesday
Stranger Things,7/31/19,2016,Sci-Fi,Ominous,50,TV Series,TV-14,Wednesday
Stranger Things,7/21/19,2016,Sci-Fi,Ominous,50,TV Series,TV-14,Sunday
Stranger Things,7/13/19,2016,Sci-Fi,Ominous,50,TV Series,TV-14,Saturday
Stranger Things,7/13/19,2016,Sci-Fi,Ominous,50,TV Series,TV-14,Saturday
Stranger Things,7/11/19,2016,Sci-Fi,Ominous,50,TV Series,TV-14,Thursday
Stranger Things,7/7/19,2016,Sci-Fi,Ominous,50,TV Series,TV-14,Sunday
Riverdale,9/17/18,2017,Mystery,Dark,40,TV Series,TV-14,Monday
Riverdale,8/12/18,2017,Mystery,Dark,40,TV Series,TV-14,Sunday
Riverdale,8/11/18,2017,Mystery,Dark,40,TV Series,TV-14,Saturday
Riverdale,8/11/18,2017,Mystery,Dark,40,TV Series,TV-14,Saturday
Riverdale,8/11/18,2017,Mystery,Dark,40,TV Series,TV-14,Saturday
Riverdale,8/11/18,2017,Mystery,Dark,40,TV Series,TV-14,Saturday
Riverdale,8/11/18,2017,Mystery,Dark,40,TV Series,TV-14,Saturday
Riverdale,8/11/18,2017,Mystery,Dark,40,TV Series,TV-14,Saturday
Riverdale,8/11/18,2017,Mystery,Dark,40,TV Series,TV-14,Saturday
Riverdale,8/11/18,2017,Mystery,Dark,40,TV Series,TV-14,Saturday
Riverdale,8/10/18,2017,Mystery,Dark,40,TV Series,TV-14,Friday
Riverdale,8/9/18,2017,Mystery,Dark,40,TV Series,TV-14,Thursday
Riverdale,8/9/18,2017,Mystery,Dark,40,TV Series,TV-14,Thursday
Stranger Things,8/6/18,2016,Sci-Fi,Ominous,45,TV Series,TV-14,Monday
Stranger Things,11/29/17,2016,Sci-Fi,Ominous,45,TV Series,TV-14,Wednesday
Stranger Things,11/29/17,2016,Sci-Fi,Ominous,45,TV Series,TV-14,Wednesday
Stranger Things,11/28/17,2016,Sci-Fi,Ominous,45,TV Series,TV-14,Tuesday
Stranger Things,11/28/17,2016,Sci-Fi,Ominous,45,TV Series,TV-14,Tuesday
Stranger Things,11/27/17,2016,Sci-Fi,Ominous,45,TV Series,TV-14,Monday
Stranger Things,11/25/17,2016,Sci-Fi,Ominous,45,TV Series,TV-14,Saturday
Stranger Things,11/25/17,2016,Sci-Fi,Ominous,45,TV Series,TV-14,Saturday
Stranger Things,11/23/17,2016,Sci-Fi,Ominous,45,TV Series,TV-14,Thursday
Stranger Things,11/23/17,2016,Sci-Fi,Ominous,45,TV Series,TV-14,Thursday
Stranger Things,11/22/17,2016,Sci-Fi,Ominous,45,TV Series,TV-14,Wednesday
Stranger Things,11/22/17,2016,Sci-Fi,Ominous,45,TV Series,TV-14,Wednesday
Stranger Things,11/22/17,2016,Sci-Fi,Ominous,45,TV Series,TV-14,Wednesday
Stranger Things,11/22/17,2016,Sci-Fi,Ominous,45,TV Series,TV-14,Wednesday
Stranger Things,11/21/17,2016,Sci-Fi,Ominous,45,TV Series,TV-14,Tuesday
Stranger Things,11/21/17,2016,Sci-Fi,Ominous,45,TV Series,TV-14,Tuesday
